narod,narod-cesky,Белгородская область,Брянская область,Владимирская область,Воронежская область,Ивановская область,Калужская область,Костромская область,Курская область,Липецкая область,Московская область,Орловская область,Рязанская область,Смоленская область,Тамбовская область,Тверская область,Тульская область,Ярославская область,г. Москва,Республика Карелия,Республика Коми,Архангельская область,Ненецкий автономный округ,Вологодская область,Калининградская область,Ленинградская область,Мурманская область,Новгородская область,Псковская область,г. Санкт-Петербург,Республика Адыгея,Республика Калмыкия,Краснодарский край,Астраханская область,Волгоградская область,Ростовская область,Республика Дагестан,Республика Ингушетия,Кабардино-Балкарская Республика,Карачаево-Черкесская Республика,Республика Северная Осетия – Алания,Чеченская Республика,Ставропольский край,Республика Башкортостан,Республика Марий Эл,Республика Мордовия,Республика Татарстан,Удмуртская Республика,Чувашская Республика,Пермский край,Кировская область,Нижегородская область,Оренбургская область,Пензенская область,Самарская область,Саратовская область,Ульяновская область,Курганская область,Свердловская область,Тюменская область,Ханты-Мансийский автономный округ – Югра,Ямало-Ненецкий автономный округ,Челябинская область,Республика Алтай,Республика Бурятия,Республика Тыва,Республика Хакасия,Алтайский край,Забайкальский край,Красноярский край,Иркутская область,Кемеровская область,Новосибирская область,Омская область,Томская область,Республика Саха (Якутия),Камчатский край,Приморский край,Хабаровский край,Амурская область,Магаданская область,Сахалинская область,Еврейская автономная область,Чукотский автономный округ
-,-,Belgorod region,Bryansk region,Vladimir region,Voroněž region,Ivanovo region,Kaluga region,Kostroma region,Kursk region,Lipetsk region,Moskva region,Oryol Region,Ryazan region,Smolensk region,Tambov Region,Tver region,Tula region,Jaroslavl region,Moskva,Republic of Karelia,Komi Republic,Arkhangelsk region,Něnecký autonomní okruh,Vologda region,Kaliningradská oblast,Leningrad region,Murmansk region,Novgorod region,Pskov region,St. Petersburg,Republic of Adygea,Republic of Kalmykia,Krasnodar region,Astrachaň region,Volgograd region,Rostov region,Republic of Dagestan,Republic of Ingušska,Kabardino-Balkar Republic,Karachay-Cherkess Republic,Republic of Severní Osetii - Alania,Čečenská republika,Stavropol region,Republic Of Bashkortostan,Mari El Republic,Republic of Mordovia,Republic Of Tatarstán,Udmurtia,Chuvash Republic,Perm Region,Kirov region,Nižnij Novgorod region,Orenburg region,Penza region,Samara Region,Saratov region,Ulyanovsk region,Kurgan region,Sverdlovsk region,Tyumen region,Chanty-Mansi autonomní Area - Jugra,Jamal-Něnecký autonomní okruh,Čeljabinsk region,Altai Republic,Republic of Buryatia,Tuva Republic,Republic of Chakaské,Altai region,Trans-Baikal Territory,Krasnojarsk Territory,Irkutsk region,Kemerovo region,Novosibirsk region,Omsk region,Tomsk Oblast,Republic of Sakha (Yakutia),Kamčatský kraj,Primorsky Krai,Chabarovský kraj,Amur region,Magadan region,Sachalin Region,Židovská autonomní oblast,Čukotský autonomní okruh
Румыны,Rumuni,33,12,18,47,24,31,5,23,17,160,3,45,12,18,26,27,8,266,20,65,25,2,19,24,35,19,14,15,96,11,13,181,20,66,248,1,NA,10,8,2,NA,107,45,5,11,10,22,10,70,42,40,47,17,41,39,17,27,93,227,132,48,53,2,10,4,8,25,4,49,50,105,91,50,30,49,16,60,17,21,6,6,7,1
Рутульцы,Rutuls,37,6,59,10,22,59,23,10,98,191,57,114,25,2,41,345,33,336,9,48,6,NA,33,21,81,31,4,4,129,24,584,470,177,202,1067,27849,NA,8,25,27,165,1339,6,1,NA,52,3,4,11,17,19,204,13,23,260,15,2,47,562,360,179,15,4,5,2,5,19,5,37,13,6,12,33,6,22,14,18,3,4,NA,2,NA,5
Русины,Rusíni,4,1,1,2,NA,2,NA,NA,NA,10,NA,3,1,1,5,4,13,35,3,3,NA,NA,NA,3,2,2,1,1,6,NA,NA,10,1,3,15,NA,NA,1,2,NA,1,8,5,1,NA,NA,NA,2,6,1,NA,NA,1,4,2,1,1,3,14,7,7,NA,1,NA,NA,1,4,NA,9,7,1,1,6,2,NA,NA,4,1,NA,NA,1,2,NA
Русские,Ruský,1404653,1210136,1288716,2124587,962219,869031,622444,1036561,1086085,6202672,739019,1026919,893675,1037097,1172007,1462184,1172188,9930410,507654,555963,1148821,26648,1112658,772534,1485905,642310,560280,616432,3908753,270714,85712,4522962,618204,2309253,3795607,104020,3215,193155,150025,147090,24382,2232153,1432906,313947,443737,1501369,912539,323274,2191423,1199691,3109661,1519525,1165668,2645124,2151215,901272,823722,3684843,2352063,973978,312019,2829899,114802,630783,49434,427647,2234324,977400,2490730,2144075,2536646,2365845,1648097,922723,353649,252609,1675992,1183292,775590,127936,409786,160185,25068
Цахуры,Tsakhurs,44,8,6,43,62,26,8,3,25,67,3,9,3,1,16,25,1,100,1,15,NA,NA,14,11,12,19,NA,1,35,3,109,165,104,197,315,9771,NA,1,NA,6,34,403,7,7,1,25,NA,1,16,4,21,12,4,102,115,20,4,134,314,196,112,48,NA,NA,NA,8,4,1,30,32,33,22,20,22,7,1,17,3,54,8,6,NA,NA
Цыгане,Romština,1989,3839,2751,5153,2283,2847,1519,2181,3235,1724,1309,2862,2805,4120,4666,4043,1348,861,1055,425,898,1,1872,1251,3885,121,3598,3231,890,2364,696,12920,5214,8216,16657,54,75,2874,896,1684,3,30879,1004,161,473,821,960,602,1654,1417,4469,1793,3390,4875,3350,3301,1026,3426,1584,175,45,4266,65,145,36,559,3052,243,1901,1305,2555,2784,1960,557,127,43,531,518,254,14,320,95,29
Шорцы,Shor,6,4,5,4,1,NA,1,2,3,13,NA,3,1,2,9,2,1,30,NA,7,NA,NA,4,4,4,5,2,4,25,1,1,6,NA,9,12,NA,NA,1,1,1,6,5,5,1,3,6,3,1,14,1,3,3,1,7,1,NA,3,16,77,61,5,13,87,6,37,1150,118,14,161,32,10672,80,14,26,59,8,27,22,11,7,10,NA,4
Словаки,Slováci,2,NA,6,3,2,9,NA,3,2,20,2,7,NA,NA,2,3,1,60,3,7,NA,NA,5,6,3,2,1,1,28,NA,6,6,2,5,5,NA,NA,1,NA,3,NA,5,7,1,NA,3,NA,NA,3,1,5,5,NA,10,1,NA,NA,9,9,3,4,6,NA,NA,NA,NA,5,1,1,8,5,5,5,2,9,NA,1,4,2,2,3,NA,NA
Словенцы,Slovinci,13,1,3,8,1,5,2,3,1,46,2,4,1,5,5,NA,4,217,4,8,NA,NA,5,7,5,17,2,NA,79,NA,NA,50,10,14,39,NA,NA,2,1,NA,NA,55,23,1,1,14,8,5,10,5,9,10,6,17,14,9,1,26,34,19,7,21,NA,2,1,NA,7,3,22,20,29,26,10,7,12,7,15,NA,NA,2,11,NA,1
Таджики,Tajiks,408,967,1786,1571,888,2756,240,295,1312,15549,448,1612,938,502,3177,1837,1219,27280,365,393,401,50,609,515,2977,332,539,448,12072,298,106,1853,932,4674,1618,234,34,191,192,560,72,920,4127,204,450,5859,722,644,3548,387,2145,4093,1028,7195,1686,1375,569,11138,14328,9793,1482,7375,123,295,40,524,2087,964,6304,4169,5646,10054,1257,956,2696,194,1885,1707,451,79,700,163,16
Табасараны,Tabasaran,223,76,65,414,489,280,197,157,255,884,214,193,64,151,341,256,112,889,10,116,69,7,147,94,187,521,101,79,603,227,58,1651,1082,801,2481,118848,18,163,83,222,1656,6951,106,9,15,115,27,16,155,54,128,59,97,182,1234,96,17,221,1135,707,321,73,2,43,4,12,72,47,299,24,53,80,58,91,24,40,115,95,53,10,41,14,16
Талыши,Talysh,5,1,10,13,9,16,3,12,2,105,1,3,3,NA,13,17,5,535,34,29,21,NA,24,30,14,24,7,2,212,5,NA,15,46,83,30,1,NA,NA,10,NA,NA,8,22,NA,NA,55,16,2,16,28,16,29,NA,48,46,27,6,148,309,165,117,34,1,14,NA,1,36,12,53,47,61,33,3,24,14,22,27,17,2,NA,1,9,2
Саамы,Sami,2,NA,1,2,NA,NA,1,NA,NA,11,1,1,1,NA,4,1,1,5,8,1,3,NA,8,1,17,1599,8,3,37,2,NA,6,NA,1,5,NA,NA,NA,NA,NA,NA,3,2,2,NA,NA,NA,1,1,2,5,NA,NA,NA,1,4,NA,1,3,2,1,4,NA,NA,NA,NA,1,NA,2,2,NA,2,NA,3,NA,NA,NA,2,NA,NA,NA,NA,NA
Татары,Tataři,3237,952,7332,3340,6696,4206,2224,1279,1972,56202,1239,4941,2239,2292,5859,7878,4982,149043,1888,10779,2335,209,1519,4534,8693,5624,1658,1233,30857,2571,1016,24840,60523,24557,13948,3734,64,2375,1696,1411,1466,11795,1009295,38357,43392,2012571,98831,34214,115544,36457,44103,151492,86431,126124,52884,149873,17017,143803,239995,108899,28509,180913,414,6813,352,3095,6794,5857,34828,22882,40229,24158,41870,17029,8122,2374,10640,7836,3406,1415,4880,879,451
Таты,Tata,3,NA,8,5,4,3,1,NA,1,94,10,8,2,NA,NA,2,7,379,1,6,3,NA,2,5,NA,2,2,NA,50,3,NA,59,10,27,28,456,NA,48,1,NA,1,226,26,2,NA,NA,3,NA,4,NA,2,3,2,7,8,3,NA,1,29,20,4,8,NA,1,NA,NA,2,1,12,2,1,1,NA,1,5,NA,1,NA,3,NA,NA,NA,NA
Сербы,Srbové,13,2,9,29,12,20,7,7,49,353,30,40,8,12,27,32,15,1195,4,15,8,NA,6,15,19,3,8,8,146,9,3,302,16,60,69,1,NA,8,1,3,NA,63,25,2,6,78,13,4,40,22,33,14,4,67,11,4,NA,75,140,55,45,59,1,1,1,5,3,2,42,27,59,50,13,22,15,5,17,12,4,3,2,NA,2
Тофалары (тофа),Tofalars (Tofa),1,NA,NA,1,NA,NA,NA,NA,NA,NA,NA,1,NA,NA,NA,NA,2,1,NA,NA,NA,NA,NA,NA,1,NA,NA,NA,4,NA,NA,NA,NA,1,NA,NA,NA,NA,NA,NA,NA,1,NA,NA,NA,NA,NA,NA,NA,1,1,NA,NA,NA,NA,NA,NA,NA,NA,NA,NA,NA,NA,2,4,2,1,NA,23,678,NA,3,NA,19,8,NA,1,2,NA,1,3,NA,NA
Тувинцы,Tuva,3,1,20,4,15,5,9,4,NA,110,23,15,5,1,5,10,4,682,7,12,4,NA,2,14,12,41,2,4,461,1,16,36,2,4,5,NA,NA,4,9,3,191,14,2,1,4,10,12,6,26,1,11,38,NA,7,106,3,20,155,69,8,55,66,158,909,249299,936,539,214,2939,1674,721,1252,347,983,204,45,630,398,313,2,26,47,1
Турки,Turci,4665,26,118,4210,41,229,42,1247,276,682,769,478,325,37,80,248,38,1811,23,43,31,5,44,101,58,35,10,24,999,131,126,8527,1429,5252,35902,153,732,13965,904,3383,1484,10419,315,13,20,486,49,47,94,14,183,1156,46,297,409,131,22,155,491,277,88,440,2,10,1,4,41,12,90,53,116,802,112,137,15,56,75,18,12,4,29,1,3
Турки-месхетинцы,Meschetští Turci,144,NA,9,86,NA,1,1,17,1,12,51,1,60,NA,NA,1,1,6,NA,NA,NA,NA,NA,1,21,NA,NA,NA,3,1,3675,158,37,115,287,NA,2,38,NA,9,NA,52,1,NA,1,3,NA,NA,NA,NA,2,3,NA,5,4,3,NA,NA,2,2,NA,2,NA,2,NA,NA,1,NA,1,NA,1,2,NA,NA,NA,NA,1,NA,NA,1,NA,NA,NA
Туркмены,Turkmeny,165,94,273,302,194,268,62,63,85,1448,122,208,132,120,388,336,132,2946,40,42,45,NA,34,107,211,61,127,64,1469,116,40,667,2286,466,379,121,3,82,112,131,253,15048,783,51,62,968,108,69,232,46,184,319,455,634,464,238,41,285,361,196,69,260,24,31,14,41,123,37,477,131,161,231,160,95,51,14,138,70,171,15,85,12,2
Балкарцы,Balkars,6,11,27,32,34,18,2,8,4,246,3,5,20,14,24,26,11,666,17,21,12,NA,9,23,35,15,16,15,195,33,7,241,40,52,155,34,9,108577,418,174,120,883,20,1,4,13,5,9,22,4,32,16,7,31,85,11,6,23,88,43,24,23,1,2,NA,6,11,15,38,10,17,29,20,11,20,6,29,15,13,6,2,5,10
Башкиры,Bashkirs,296,120,637,352,464,403,162,151,206,3975,127,333,237,118,410,340,309,6609,162,2333,394,49,183,420,978,914,177,189,2706,162,95,1840,514,911,915,154,22,151,110,210,306,594,1172287,258,120,13726,3454,295,32730,494,691,46696,350,7290,3489,914,12257,31183,46405,35428,8297,162513,47,564,59,251,559,968,2955,1637,2295,942,996,1656,1819,363,1564,1150,881,240,527,115,125
Белорусы,Bělorusové,3284,5510,3890,3261,2379,4557,1490,1747,1857,31665,1717,2425,12012,1468,5673,3645,2937,39225,23345,8859,5810,283,3278,32497,16830,12050,3438,6772,38136,1253,596,16890,1623,7868,16493,290,7,696,443,609,68,7104,11680,940,794,4592,2313,1417,6570,1942,4673,5590,1682,9231,8489,2647,2502,11670,25648,14703,6480,13035,216,1280,99,1452,4591,1544,9900,7929,6049,5382,6051,3336,2527,1883,5930,4804,4162,1121,2994,717,364
Болгары,Bulhaři,673,148,179,225,123,174,61,203,152,1719,102,129,107,71,257,191,183,1852,121,486,124,2,128,293,304,275,70,83,843,101,13,2204,100,357,745,32,2,218,56,241,10,554,318,48,22,205,97,79,286,112,233,472,96,450,319,113,54,743,2734,1430,814,849,10,40,3,102,260,55,317,177,418,207,218,99,209,82,225,145,117,79,82,29,25
Боснийцы,Bosňané,1,NA,1,1,NA,NA,1,NA,4,12,NA,NA,NA,NA,2,NA,NA,78,1,NA,NA,NA,NA,NA,2,NA,NA,NA,22,NA,NA,49,4,3,4,NA,NA,NA,NA,NA,NA,NA,NA,NA,NA,16,NA,NA,NA,NA,2,4,NA,10,NA,1,NA,14,15,NA,8,NA,NA,NA,NA,NA,NA,NA,4,1,2,NA,1,NA,NA,NA,NA,NA,NA,NA,1,NA,NA
Британцы,Britský,2,NA,3,2,1,4,NA,NA,NA,21,6,3,1,NA,4,1,1,498,1,2,1,1,3,6,1,NA,3,NA,102,1,NA,10,1,8,9,NA,NA,13,NA,4,NA,9,9,2,4,10,6,5,1,4,4,NA,7,7,2,2,NA,6,7,4,NA,6,NA,NA,NA,1,7,2,11,NA,2,16,3,3,3,NA,NA,2,1,NA,96,NA,NA
Буряты,Buryats,20,17,48,79,38,38,14,22,13,757,41,43,34,10,42,37,17,2842,24,23,29,8,17,70,178,42,16,24,1287,7,107,133,20,42,59,17,2,4,18,14,134,56,55,10,10,57,29,14,64,18,55,31,11,37,38,15,12,232,455,183,169,75,64,286839,313,179,165,73941,1051,77667,207,1312,178,878,7011,335,982,1009,406,412,567,71,149
Венгры,Maďaři,75,10,21,17,19,11,8,22,27,139,7,12,12,12,29,28,15,323,16,94,11,NA,23,38,39,30,9,13,107,8,2,106,22,47,183,5,NA,9,6,16,2,104,35,3,2,31,5,7,15,29,17,227,12,43,90,9,7,53,110,53,35,29,1,13,1,3,28,6,38,42,24,17,27,14,18,10,62,24,24,12,16,NA,NA
Вепсы,Vepsech,11,1,8,1,NA,4,1,1,NA,16,2,1,2,1,8,6,2,24,3423,23,18,NA,412,19,1380,82,10,9,271,NA,NA,10,1,5,11,NA,NA,NA,NA,NA,NA,2,4,3,2,2,NA,NA,6,3,6,1,2,7,3,4,2,8,12,8,3,7,NA,1,NA,NA,2,1,7,17,45,10,1,NA,4,NA,8,1,NA,NA,2,NA,NA
Вьетнамцы,Vietnamec,42,8,90,210,118,120,57,10,141,1110,28,81,12,65,54,1058,94,2970,62,NA,6,NA,138,6,12,2,67,95,269,1,3,118,100,402,201,10,NA,2,NA,25,NA,521,1337,3,29,244,39,14,74,187,80,202,130,268,13,284,NA,212,14,1,NA,423,NA,18,11,38,91,153,181,202,130,95,149,110,9,NA,310,576,9,1,7,3,NA
Гагаузы,Gagauz,335,108,196,251,132,656,102,86,86,1456,55,127,305,54,202,253,122,1167,35,115,28,NA,65,66,242,99,74,111,403,18,6,335,34,182,381,3,NA,29,6,24,1,112,69,25,15,75,58,24,182,59,287,106,29,100,98,45,21,178,2530,1568,812,118,5,17,NA,30,47,60,276,194,62,59,43,52,233,18,84,208,110,29,39,34,9
Горские евреи,Židé hory,1,1,3,1,1,NA,NA,NA,1,9,1,NA,NA,NA,NA,1,2,165,NA,4,NA,NA,NA,1,1,NA,2,2,21,NA,NA,14,3,36,10,196,NA,124,NA,NA,NA,94,1,NA,NA,1,NA,1,2,NA,10,1,1,NA,6,2,1,9,6,3,2,NA,NA,2,NA,6,NA,1,13,1,1,1,NA,NA,1,1,NA,NA,NA,NA,NA,NA,NA
Греки,Řekové,513,79,256,373,178,175,92,160,145,1713,100,108,103,75,223,186,266,2749,82,188,50,3,93,221,251,147,66,74,1154,1385,39,22595,155,652,2487,123,3,222,1276,1880,19,33573,753,69,56,477,213,166,318,72,224,396,177,545,656,170,69,1492,1673,890,301,638,30,63,38,133,192,48,635,182,280,273,486,160,215,62,139,93,52,84,50,6,26
Греки-урумы,Řecké Urumové,1,NA,NA,NA,NA,NA,NA,NA,NA,NA,NA,NA,NA,NA,NA,NA,NA,NA,NA,NA,NA,NA,NA,NA,NA,NA,NA,NA,NA,NA,NA,NA,NA,NA,NA,NA,NA,NA,NA,NA,NA,NA,NA,NA,NA,NA,NA,NA,NA,NA,NA,NA,NA,NA,NA,NA,NA,NA,NA,NA,NA,NA,NA,NA,NA,NA,NA,NA,NA,NA,NA,NA,NA,NA,NA,NA,NA,NA,NA,NA,NA,NA,NA
Грузины,Gruzínci,842,608,927,1488,925,996,390,787,842,10556,524,630,752,517,1267,1807,820,38934,437,614,347,3,673,578,1567,370,354,306,8274,803,387,17826,946,2760,8296,687,100,1545,461,9095,282,7526,1045,269,301,1478,520,240,1138,443,1792,865,448,2648,1898,449,399,1764,2600,948,544,1417,99,279,85,202,776,304,1336,1080,850,1253,1125,495,364,149,592,509,343,145,165,62,30
Даргинцы,Dargins,279,155,318,640,271,665,301,109,188,1869,305,212,159,157,485,407,320,3255,110,251,116,NA,291,150,349,252,175,96,946,125,7590,1054,4241,3501,8304,490384,30,438,293,404,701,49302,247,28,37,271,162,51,305,137,446,569,172,218,825,99,20,254,3722,2735,767,300,5,81,12,42,110,527,316,136,48,126,80,70,74,52,255,219,65,5,48,29,25
Долганы,Dolgan,5,NA,NA,1,NA,NA,NA,NA,NA,7,NA,NA,NA,NA,2,NA,NA,8,NA,1,NA,NA,NA,1,3,NA,2,2,25,NA,3,11,NA,NA,NA,1,NA,NA,NA,1,NA,4,4,NA,2,1,NA,NA,NA,1,4,NA,2,1,NA,4,NA,2,5,3,2,NA,NA,8,1,11,4,NA,5810,11,3,5,1,NA,1906,1,7,9,1,NA,1,NA,3
Дунгане,Dungan,11,NA,NA,2,NA,2,NA,NA,41,37,23,25,11,14,4,7,2,43,1,4,NA,NA,NA,9,6,3,NA,2,18,7,NA,38,4,16,12,NA,NA,1,1,1,5,10,9,NA,NA,4,NA,NA,2,1,5,13,53,13,760,1,1,28,14,10,2,14,7,31,4,27,207,2,25,8,18,9,2,11,4,NA,6,8,2,NA,1,1,NA
Литовцы,Litevci,135,95,145,171,114,180,79,112,102,962,87,95,322,58,209,96,139,1775,733,977,287,5,218,9769,535,354,145,221,1294,57,41,679,84,252,429,29,2,37,24,27,3,254,239,49,46,222,111,72,330,152,191,239,66,357,351,106,100,540,778,378,133,358,22,144,14,175,382,130,1277,1046,346,390,332,329,206,79,243,219,123,105,114,51,16
Лазы,Líný,1,2,NA,20,NA,NA,NA,NA,NA,3,NA,NA,3,NA,NA,NA,NA,12,NA,NA,NA,NA,NA,1,1,NA,NA,NA,8,NA,NA,61,NA,NA,32,NA,NA,NA,1,NA,NA,NA,1,NA,NA,NA,NA,NA,NA,NA,NA,NA,NA,NA,NA,2,NA,NA,NA,NA,NA,NA,NA,NA,1,NA,NA,NA,4,1,NA,NA,NA,6,NA,NA,NA,NA,NA,NA,NA,NA,NA
Лакцы,Laks,76,33,73,107,159,143,28,38,123,1052,53,134,52,36,153,119,48,2185,21,61,61,9,18,122,87,79,62,40,394,142,75,821,551,223,652,161276,30,1462,288,518,308,2644,51,22,9,102,22,23,73,46,98,64,33,136,293,57,7,168,1761,1268,397,54,6,10,10,14,37,26,358,23,42,61,34,35,99,82,72,55,32,19,34,7,8
Латгальцы,Latgalci,1,NA,1,1,1,NA,NA,NA,1,1,1,NA,NA,NA,NA,1,1,5,NA,2,NA,NA,1,8,4,NA,1,3,14,NA,NA,9,NA,1,NA,NA,NA,NA,NA,NA,NA,4,NA,NA,NA,2,NA,NA,NA,NA,NA,1,1,6,4,NA,NA,3,12,4,2,NA,NA,1,3,33,7,5,577,4,65,171,20,89,6,1,9,2,2,1,3,NA,NA
Латыши,Lotyši,91,69,87,102,71,89,30,53,64,722,41,70,177,35,162,92,69,1986,179,259,76,1,73,516,387,183,175,442,1291,38,22,495,57,132,277,7,NA,46,23,31,1,187,1117,25,31,135,65,51,136,83,111,122,40,311,159,139,51,306,465,219,99,260,9,48,45,229,168,47,2189,217,360,514,1444,453,91,53,206,154,97,61,57,12,11
Лезгины,Lezghins,438,149,518,591,402,721,360,330,471,3689,430,796,326,285,1077,882,659,5719,151,1406,394,116,437,456,900,951,270,188,2814,391,451,4106,4246,2145,3902,385240,26,767,400,814,1261,7900,374,91,53,862,182,50,463,195,746,558,275,1190,5245,352,191,1272,16247,13335,1879,481,19,194,17,114,212,206,2800,447,298,456,307,320,364,186,608,320,228,98,182,35,25
Финны,Finové,28,6,30,16,14,20,19,12,17,146,8,21,16,8,134,16,55,388,8577,112,69,NA,167,63,4366,273,194,212,2559,15,4,113,21,52,65,2,NA,6,6,6,3,40,53,7,13,39,32,18,106,21,42,25,23,72,52,17,14,119,302,137,78,128,2,16,NA,81,42,9,303,116,166,120,202,31,126,10,25,23,4,15,10,3,1
Финны-ингерманландцы,Ingrijští Finové,1,NA,NA,NA,NA,NA,NA,NA,NA,4,NA,NA,NA,NA,3,1,NA,19,152,NA,NA,NA,1,NA,49,7,2,4,178,NA,NA,NA,3,1,3,NA,NA,NA,NA,NA,NA,NA,1,1,NA,NA,1,1,NA,NA,2,NA,NA,NA,1,NA,NA,1,1,NA,1,2,NA,NA,NA,NA,NA,NA,NA,NA,1,1,NA,NA,NA,NA,NA,NA,NA,NA,NA,NA,NA
Французы,Francouzština,7,NA,5,9,6,9,1,2,7,91,2,5,1,3,5,10,10,775,2,3,NA,NA,1,5,3,5,2,2,144,1,3,34,1,12,21,2,NA,4,1,5,NA,21,15,NA,2,11,5,9,10,3,14,NA,2,20,16,2,7,11,7,3,NA,7,NA,NA,NA,3,5,2,9,9,6,37,9,8,2,1,3,8,1,1,10,NA,NA
Черкесы,V Circassians,11,8,26,34,8,7,NA,10,5,301,5,25,6,19,15,19,10,1101,8,39,19,NA,6,12,30,27,2,5,203,2651,61,5258,71,83,231,42,19,2475,56466,64,17,2326,14,5,6,18,3,1,21,15,39,29,11,33,56,7,2,27,750,426,309,45,NA,8,2,7,16,12,70,20,25,11,16,15,54,33,30,10,8,6,26,8,NA
Чехи,Češi,19,11,10,20,9,40,4,6,9,59,5,5,10,NA,6,8,11,196,6,28,4,NA,3,15,39,16,12,9,74,73,NA,416,2,19,40,1,NA,6,6,4,NA,17,14,7,2,13,5,6,19,4,5,68,9,55,29,6,4,18,59,38,9,23,1,2,NA,1,19,6,18,26,21,25,144,14,4,5,14,19,5,6,4,NA,NA
Чеченцы,Čečenci,217,203,295,1309,546,378,275,181,425,2286,1075,453,283,376,1867,286,755,14524,294,311,238,5,206,655,394,107,727,300,1482,610,3343,2313,7229,9649,11449,93658,18765,1965,674,2264,1206551,11980,992,221,74,420,344,127,611,343,203,1059,390,970,5738,336,569,736,10502,6889,2434,766,30,88,23,63,532,177,685,475,1123,303,666,547,377,72,407,172,102,33,144,32,10
Чуваши,Chuvashs,536,251,1758,1333,1240,834,748,263,317,12466,268,890,581,303,2454,840,762,14313,867,5077,1357,75,676,1384,2065,1782,494,444,4610,260,125,3014,908,5851,2171,110,19,149,64,146,165,1081,107450,6025,812,116252,2180,814750,4715,1399,9765,12492,5614,84105,12261,94970,1364,8304,25690,13596,3471,6819,83,744,98,1824,2322,792,11036,4589,9301,2676,3065,3997,1123,807,1960,1388,783,182,822,171,166
Чукчи,Chukchi,8,3,2,17,1,2,1,5,1,25,1,1,1,NA,3,5,2,108,3,2,1,NA,NA,1,4,3,6,NA,58,NA,3,20,1,2,12,NA,NA,2,NA,NA,2,6,7,NA,1,5,10,6,5,3,7,4,2,4,3,1,11,7,3,1,2,2,NA,5,NA,1,10,2,9,31,4,10,44,3,670,1496,41,91,30,285,9,2,12772
Юкагиры,Yukagirs,2,NA,NA,NA,NA,NA,NA,NA,2,2,NA,4,NA,1,1,NA,NA,4,1,5,NA,NA,NA,NA,NA,NA,NA,NA,4,NA,NA,NA,NA,1,1,NA,NA,NA,NA,NA,NA,2,NA,NA,NA,NA,NA,NA,1,1,2,NA,NA,NA,NA,NA,1,2,2,1,1,NA,NA,NA,NA,NA,NA,NA,NA,2,NA,1,2,NA,1281,1,3,4,1,71,NA,NA,198
Евреи,Židé,373,1407,460,910,361,558,177,461,296,7164,366,361,977,283,584,838,688,53145,474,314,307,2,288,1123,1206,457,310,369,24132,148,15,2247,650,1279,3231,1739,6,835,79,371,8,2320,1900,181,137,2624,717,317,1860,319,3769,1348,593,4418,2250,535,223,5423,1244,536,239,3358,15,336,20,91,721,199,1147,1594,951,2195,1652,721,227,112,649,1433,147,153,248,1628,29
Езиды,Yezidis,329,105,223,423,348,128,216,901,1128,898,396,265,46,1802,533,1075,3287,1624,18,27,28,NA,31,788,95,26,27,44,196,64,51,5023,110,1478,1771,1,1,8,1,14,3,3348,797,4,56,103,86,31,30,43,3781,175,237,849,1352,335,67,1317,303,162,28,366,1,10,NA,1,27,8,206,403,133,2507,134,110,46,97,80,6,5,NA,NA,NA,NA
Адыгейцы,Adygeys,12,14,28,27,8,18,3,12,6,227,18,17,15,8,29,17,16,569,9,40,9,1,3,27,36,19,2,15,183,107048,11,13834,24,100,374,41,14,524,187,95,41,255,14,12,8,23,2,3,21,5,39,19,8,28,33,4,3,28,252,173,64,33,NA,4,NA,2,4,5,83,24,25,26,4,12,32,19,33,26,23,26,9,3,5
Аварцы,Avaři,309,137,441,506,528,286,257,185,336,2190,388,516,280,240,492,567,180,5049,72,292,136,4,161,217,573,286,231,149,1971,213,2396,1848,4719,2290,4595,850011,101,425,216,722,4864,9009,247,124,52,274,122,85,305,228,627,254,259,437,1581,234,68,641,3783,2577,908,382,43,150,8,93,294,214,512,247,290,280,188,315,299,120,386,226,165,15,110,38,10
Индийцы,Indiáni,10,4,5,69,NA,1,NA,1,2,96,NA,74,660,8,462,6,19,246,3,NA,368,NA,2,18,10,1,2,3,459,5,4,57,14,45,336,201,NA,6,NA,8,NA,449,61,1,1,87,1,6,6,NA,22,4,4,14,70,NA,NA,16,4,NA,NA,7,1,4,1,NA,9,1,6,2,5,23,NA,9,15,NA,3,3,1,NA,17,NA,NA
Ингуши,Ingush,204,121,101,255,280,237,284,288,230,1085,200,199,52,83,233,192,573,4354,54,123,142,3,68,172,214,129,82,63,930,231,104,815,413,482,1520,190,385537,1271,139,28336,1296,2227,278,16,43,156,112,49,204,192,241,98,44,147,427,95,186,304,2994,884,437,284,42,29,10,59,143,117,448,359,743,751,180,224,923,29,227,227,116,743,44,12,28
Абазины,Abaza,10,2,13,16,2,11,NA,5,13,139,3,7,9,17,9,3,2,318,3,14,13,NA,3,26,14,7,2,5,84,84,40,279,35,42,112,17,1,418,36919,24,12,3646,8,1,3,8,2,4,7,11,12,4,1,17,26,7,7,12,660,422,236,13,NA,7,NA,1,5,1,28,11,13,19,7,4,15,11,13,3,7,5,7,1,1
Абхазы,Abcházců,51,35,34,148,15,48,14,30,48,715,7,39,38,18,55,116,44,3604,10,40,17,NA,21,16,118,21,21,22,783,252,1,2092,13,127,851,12,1,102,241,52,2,192,51,13,16,61,23,17,39,26,91,18,15,72,83,11,18,89,116,57,23,56,NA,4,NA,4,42,14,53,16,18,29,89,6,14,9,25,22,11,NA,9,1,2
Алтайцы,Altai,3,2,5,NA,1,5,1,2,3,54,NA,2,3,NA,4,1,1,85,1,6,NA,NA,5,6,6,14,6,6,77,2,4,40,7,6,11,6,3,3,5,5,80,13,4,2,1,17,2,5,18,9,15,4,NA,10,6,4,10,41,91,37,39,15,68814,118,45,51,1763,160,147,101,534,543,67,498,97,21,212,145,43,6,111,22,2
Азербайджанцы,Azerbaijanis,4621,2574,3099,5085,3545,3498,1291,1736,3897,19061,2182,3652,2705,1903,5384,5629,5327,57123,1793,4858,2605,157,2596,3282,4574,3841,1497,1272,17717,1758,761,10165,7828,14398,17961,130919,83,2063,976,2857,696,17800,5737,844,707,9527,3895,891,5626,2215,8494,7421,1760,14093,14868,4649,1781,14215,43610,26037,9291,7213,307,1608,159,1494,4951,2045,16341,5384,6057,8008,4230,4178,2040,1270,3937,3618,2796,572,1155,655,107
Американцы,Američané,1,NA,18,5,1,1,1,NA,5,25,3,1,NA,1,1,7,1,578,6,3,NA,NA,NA,4,15,2,NA,1,219,7,NA,32,NA,13,21,NA,NA,9,NA,NA,NA,33,18,6,2,18,10,3,20,1,12,1,3,24,11,22,1,23,18,4,8,10,4,25,8,NA,4,4,29,22,4,59,13,8,5,6,27,20,NA,2,113,1,1
Агулы,Aguls,81,20,12,108,104,32,10,22,29,201,358,71,1,33,18,107,38,308,12,28,2,1,37,2,23,26,22,13,98,49,81,391,74,127,424,28054,4,22,32,82,70,1715,21,1,NA,34,2,1,9,3,12,24,4,58,477,6,5,28,327,217,56,3,10,5,NA,NA,4,11,36,5,3,21,11,2,NA,33,22,17,6,NA,13,5,NA
Итальянцы,Italové,7,4,3,7,2,2,NA,1,6,62,2,2,2,NA,3,6,6,609,2,6,NA,NA,1,4,10,1,1,NA,193,2,1,37,12,27,29,NA,NA,7,1,5,NA,36,18,3,4,10,3,6,11,5,13,6,1,33,11,4,4,24,6,2,1,28,1,4,NA,1,5,NA,4,5,6,18,6,12,3,NA,6,3,NA,3,4,NA,NA
Ительмены,Itelmens,3,NA,NA,1,NA,5,3,NA,NA,7,NA,1,NA,3,NA,2,NA,6,NA,NA,NA,NA,NA,3,4,NA,2,NA,11,1,NA,2,NA,NA,7,NA,NA,1,NA,NA,1,7,2,1,NA,1,NA,1,NA,1,2,NA,NA,1,NA,NA,NA,NA,2,2,NA,1,NA,2,NA,NA,2,NA,6,3,1,3,2,NA,1,2394,27,28,3,613,15,2,9
Афганцы,Afghánci,76,12,21,67,205,15,1,10,54,403,67,47,3,7,42,29,20,1572,15,1,3,NA,11,6,55,4,20,2,301,44,3,350,10,204,578,33,NA,21,11,4,NA,316,110,NA,22,136,4,16,44,3,10,47,31,22,13,9,NA,11,9,3,2,14,NA,36,4,NA,92,1,5,40,3,14,1,4,3,NA,1,NA,NA,1,NA,1,NA
Арабы,Arabové,127,19,76,390,70,22,19,79,38,461,13,410,41,73,212,130,116,2358,26,8,25,NA,6,29,62,6,114,10,929,60,8,530,128,299,408,96,18,207,21,68,35,193,112,10,62,271,15,90,137,16,174,26,86,62,118,43,2,52,30,7,8,44,NA,3,3,12,16,4,22,45,15,47,31,19,4,NA,13,5,40,1,11,NA,2
Армяне,Arméni,7588,4592,6247,10369,4645,9962,1656,5726,7129,63306,3916,5549,4776,4544,8222,9145,7158,106466,1606,1717,1042,41,2469,9226,7072,1618,1836,2379,19971,15561,867,281680,5824,27846,110727,4997,16,5002,2737,16235,514,161324,9407,1003,1342,5987,3170,1290,5464,1825,13294,10547,4103,22981,23841,4520,1750,11501,15542,6343,1605,9311,528,2179,512,776,7640,3943,10677,6558,10669,9508,7300,2801,3691,748,5924,2943,3948,247,1240,311,105
Испанцы,Španělština,5,3,5,5,7,8,4,3,3,81,NA,2,NA,8,7,4,4,625,1,3,NA,NA,3,1,5,NA,1,1,74,NA,1,35,7,6,49,NA,NA,NA,1,4,NA,23,14,NA,NA,8,2,5,9,2,13,10,4,5,13,1,1,16,2,NA,1,7,NA,1,NA,1,NA,3,5,7,5,8,7,4,1,1,5,3,1,NA,9,NA,NA
Ассирийцы,Asyřané,19,42,48,91,31,27,15,27,63,302,46,24,32,32,54,64,19,2172,21,9,21,NA,49,19,48,8,9,5,369,115,3,3440,12,60,1774,26,1,55,35,176,5,785,17,NA,2,123,7,8,12,4,142,20,85,44,104,5,4,107,74,20,38,26,NA,6,NA,1,8,7,8,5,2,15,25,23,18,9,5,9,4,1,1,NA,NA
Ханты,Hunts,7,3,5,2,8,NA,2,5,5,25,1,5,2,1,6,6,2,48,6,48,9,1,3,1,11,9,6,3,87,4,3,31,1,15,21,1,NA,1,2,1,2,10,10,4,3,2,11,11,27,14,8,11,2,18,4,6,24,138,29277,19068,9489,30,4,2,NA,NA,21,3,14,21,11,31,60,718,5,6,13,16,8,NA,1,NA,1
Хакасы,Chakaské,6,4,9,10,3,4,NA,7,12,106,2,20,7,5,5,3,9,244,4,21,6,1,3,10,29,12,NA,12,117,3,15,65,14,24,14,7,NA,3,6,4,29,25,35,4,5,21,13,7,15,9,13,19,11,13,16,14,9,103,212,104,72,32,45,131,877,63643,76,106,4102,298,451,401,65,664,151,55,193,94,47,34,55,11,30
Хорваты,Chorvaté,1,4,3,1,NA,3,2,NA,NA,24,NA,1,NA,2,NA,2,1,145,NA,NA,NA,NA,NA,1,3,3,NA,NA,12,NA,NA,13,2,13,7,NA,NA,2,NA,NA,NA,4,1,NA,NA,7,3,1,2,NA,NA,NA,1,5,6,1,NA,4,2,1,NA,2,NA,2,NA,NA,1,NA,2,NA,5,1,NA,6,1,NA,1,1,NA,NA,NA,NA,NA
Эвенки,Evenki,7,NA,11,13,4,4,3,4,2,28,1,4,6,2,9,3,5,65,2,6,14,13,4,5,20,5,7,17,72,4,1,26,1,5,16,1,NA,1,NA,1,NA,8,12,9,1,6,1,1,14,6,6,5,NA,6,3,7,2,10,87,33,42,7,NA,2974,5,22,28,1387,4372,1272,18,44,26,95,21008,19,130,4101,1481,1,209,63,18
Эвены (ламуты),Evens (Lamuts),8,1,5,5,NA,1,2,3,1,9,1,1,NA,1,2,1,1,16,2,NA,NA,NA,1,5,4,3,1,NA,31,NA,NA,9,2,2,2,NA,NA,NA,NA,NA,2,NA,3,1,NA,3,3,1,NA,NA,1,2,NA,NA,3,NA,NA,3,5,1,2,2,NA,4,NA,1,3,9,27,13,NA,2,2,1,15071,1872,25,1128,22,2635,15,12,1392
Удины,Udi,2,1,47,NA,108,131,NA,8,12,50,10,1,3,6,25,12,17,116,6,NA,NA,NA,NA,3,14,NA,4,2,57,2,NA,776,46,327,1866,NA,NA,NA,NA,1,NA,300,5,NA,NA,4,NA,1,4,4,NA,1,NA,1,27,23,NA,131,37,35,NA,3,NA,2,NA,NA,3,NA,25,6,10,5,1,5,6,2,NA,5,2,1,NA,NA,NA
Удмурты,Udmurtština,212,89,748,199,398,214,185,77,119,1552,114,244,209,68,300,183,240,1814,182,1593,509,73,218,260,753,597,146,126,1076,222,90,2382,146,2150,2411,57,7,79,56,57,67,759,21477,1932,106,23454,410584,332,20819,13639,683,1042,200,1236,1343,367,1579,13789,5093,3094,583,2421,51,250,33,212,634,336,2026,1180,1611,645,763,1081,290,307,692,504,284,75,231,70,20
Узбеки,Uzbeks,1253,1285,3285,1871,1399,3482,515,684,1689,25773,571,3278,1267,766,3279,3263,1397,35595,554,939,435,118,1250,2245,6717,1122,1062,739,20345,323,211,3469,2658,6947,2753,418,25,451,398,495,73,2615,7945,550,584,8881,1131,565,4215,688,3504,4964,1910,11242,2909,1435,536,9358,14743,9970,1775,6446,262,1261,253,1300,2763,1515,6434,4367,4255,12655,2810,3924,3332,646,8993,3212,1121,523,1518,137,79
Уйгуры,Ujgurové,38,9,21,26,16,19,7,6,19,150,11,28,11,11,26,26,26,246,5,19,5,NA,9,64,23,18,6,8,124,6,4,62,52,46,51,6,NA,5,4,4,1,20,137,2,5,113,26,4,78,6,20,54,23,126,57,23,18,174,302,199,59,132,49,30,4,43,152,20,115,82,139,196,50,65,66,15,76,24,10,3,13,3,3
Украинцы,Ukrajinci,41914,13769,12541,43054,7684,16662,5650,13643,9901,119474,7917,8894,12223,7263,15707,15027,9492,154104,12677,36082,16976,987,8602,32771,31769,34268,7025,8636,64446,5856,1531,83746,8132,35607,77802,1511,91,4800,1990,3251,415,30373,39875,3601,3185,18241,8332,4707,16269,7718,17657,49610,8595,42169,41942,10484,7080,35563,157296,91323,48985,50081,1010,5654,493,5039,32226,6743,38012,30827,22156,22098,51841,11254,20341,11488,49953,26803,16636,9857,12136,4871,2869
Эстонцы,Estonci,55,41,43,73,42,42,26,27,32,367,18,28,42,26,236,42,95,1072,156,151,68,2,60,185,772,103,171,625,1534,31,73,668,54,140,170,6,1,33,42,32,3,339,219,23,15,93,49,22,101,119,87,79,26,250,157,211,33,275,382,124,61,353,11,33,45,219,240,26,2346,153,538,891,2082,528,53,41,239,89,36,36,42,8,1
Мишари,Mishars,1,NA,2,NA,NA,1,NA,NA,1,4,NA,NA,2,NA,NA,NA,NA,13,NA,2,NA,NA,NA,NA,NA,NA,1,NA,7,NA,NA,NA,NA,1,1,NA,NA,NA,NA,NA,1,NA,93,NA,NA,545,1,3,NA,2,1,14,NA,3,3,16,2,5,4,4,NA,50,NA,NA,NA,NA,NA,NA,2,3,NA,NA,NA,NA,NA,NA,2,NA,NA,NA,NA,NA,NA
Манси,Muncie,4,NA,5,1,5,5,NA,2,9,8,NA,NA,2,NA,2,NA,2,16,1,8,1,NA,3,1,12,3,1,1,35,3,2,19,1,6,4,1,NA,3,NA,2,NA,2,10,4,NA,8,7,2,23,5,2,2,2,12,4,3,13,251,11614,10977,166,22,NA,4,NA,1,4,2,6,6,5,16,26,22,5,2,4,7,1,1,2,NA,1
Македонцы,Makedonci,2,NA,2,2,3,1,NA,NA,NA,27,1,1,2,3,NA,6,1,63,NA,1,NA,NA,NA,2,NA,NA,2,NA,18,2,NA,68,1,8,8,NA,NA,NA,NA,NA,NA,2,5,NA,1,3,2,NA,NA,NA,3,11,3,12,9,3,NA,6,13,5,7,NA,NA,5,NA,NA,NA,NA,5,3,4,3,3,3,1,NA,NA,NA,1,NA,NA,NA,NA
Марийцы,Mari,154,89,766,253,715,227,187,79,120,2555,85,214,215,74,435,159,254,2100,242,2280,545,84,192,310,755,852,105,107,1022,130,99,1970,338,4233,1987,33,7,56,37,84,114,544,103658,290863,153,18848,8067,3648,4121,29598,6415,900,177,2982,2927,658,311,23801,11042,7289,2078,2826,31,214,32,444,515,349,3314,931,1044,1111,541,590,455,222,776,431,360,90,222,63,152
Мегрелы,Megrelians,7,NA,12,3,1,1,1,2,5,36,3,1,7,NA,5,12,1,123,2,3,1,NA,1,NA,6,1,NA,2,44,6,NA,140,2,10,48,NA,NA,1,3,NA,NA,14,3,1,3,1,3,NA,3,3,2,1,NA,10,13,1,NA,8,7,2,4,12,NA,NA,1,NA,1,NA,7,2,2,7,2,NA,NA,1,1,NA,NA,NA,NA,NA,1
Монголы,Mongolové,3,NA,19,38,27,NA,10,1,15,62,19,7,8,19,22,6,5,334,2,1,NA,NA,2,5,NA,1,5,1,179,NA,70,38,3,10,55,1,NA,1,NA,1,1,15,18,2,9,22,4,1,16,8,11,2,13,7,9,5,47,82,8,3,NA,10,8,395,47,12,19,84,17,867,16,65,82,48,42,1,3,9,7,1,3,NA,NA
Молдаване,Moldavané,2048,1450,2297,2273,1181,2511,859,1120,1248,19611,875,1671,1183,662,1914,2128,915,21699,490,2318,957,48,939,1045,2698,1309,804,721,7200,277,124,5170,514,3139,6664,138,36,225,95,139,34,1758,872,290,272,971,820,461,1389,1037,1894,1172,570,1891,3037,872,815,2336,15806,9476,4712,1618,148,307,25,375,1211,613,2749,1465,1071,956,1223,1012,1622,479,1433,927,736,367,581,447,91
Мордва,Mordvinians,392,138,2570,785,1243,1066,258,199,253,18678,187,5564,437,326,1219,852,564,17095,534,1462,553,21,283,1600,1465,1625,386,226,2337,214,84,3151,658,2273,2198,66,9,282,67,116,81,1250,20300,862,333112,19156,913,13014,1431,398,19138,38682,54703,65447,10917,38977,691,6303,7444,4936,1257,12147,68,435,56,1124,2976,429,4295,2119,3932,1486,1209,1109,1523,630,2223,1702,533,121,1666,179,41
Мордва-эрзя,Mordvinians-Erzya,3,1,8,5,17,13,5,1,1,161,1,13,4,1,14,13,2,185,1,9,1,NA,2,4,20,18,8,NA,69,NA,1,14,2,11,10,NA,NA,NA,NA,NA,NA,6,128,2,49579,133,4,249,5,11,1331,55,1607,2328,40,690,NA,65,33,26,3,19,NA,1,2,3,16,1,22,6,14,9,6,4,2,1,8,8,2,NA,NA,NA,NA
Китайцы,Číňan,121,8,88,187,102,16,59,50,10,325,78,18,7,37,14,273,26,3222,14,20,14,NA,10,55,104,7,7,3,1578,7,64,209,10,614,249,21,1,14,NA,2,1,178,84,2,28,124,18,6,271,53,193,26,123,189,42,44,21,1772,90,56,3,171,7,1014,33,103,450,632,2439,1118,193,1926,753,407,926,38,2857,3898,672,237,76,84,NA
Киргизы,Kirghiz,150,81,548,553,470,336,136,202,164,4913,65,485,209,191,1036,670,324,18736,63,731,89,40,259,482,871,137,49,199,3289,19,102,336,402,292,1648,24,7,52,25,13,25,220,454,33,64,1156,86,47,1003,105,823,688,238,2105,547,167,504,6304,8652,5012,1815,1410,238,1133,628,1875,558,1634,8423,4507,2364,6506,1578,1427,5022,264,1424,667,235,91,1763,66,30
Кабардинцы,Kabardians,42,39,92,140,70,74,28,35,44,1306,24,68,60,40,87,49,47,3698,45,128,67,1,55,144,239,169,30,55,1181,519,108,1130,186,381,663,236,28,490453,771,2802,534,7993,65,10,35,78,32,26,135,53,174,84,27,202,316,48,15,180,348,177,124,136,2,17,2,26,59,39,190,58,41,82,54,30,72,28,110,62,22,12,56,26,14
Калмыки,Kalmyks,14,21,80,62,26,26,13,12,20,804,19,51,17,29,28,25,23,3996,11,57,24,10,11,60,101,50,10,8,1283,31,162740,393,6624,1576,878,40,12,38,30,46,176,757,44,8,32,142,23,11,48,8,64,24,13,68,240,11,18,83,840,400,361,75,21,93,21,103,42,48,213,36,40,130,85,62,147,21,39,35,13,27,55,3,164
Казаки,Kozáci,80,54,74,291,36,62,12,29,40,691,32,74,42,33,87,157,57,1157,63,156,21,NA,25,119,105,71,35,30,430,374,17,5261,161,18452,29682,688,NA,489,465,297,305,3006,160,38,26,153,117,60,218,48,96,121,49,236,146,81,48,191,379,177,88,360,19,33,16,60,102,83,391,178,82,68,157,43,118,31,152,132,16,43,38,14,10
Казахи,Kazaši,331,149,377,510,304,336,189,159,239,3507,191,307,288,227,471,358,272,9393,151,357,255,17,162,748,907,518,182,150,3349,116,4948,1616,149415,46223,3046,522,22,249,227,145,926,1861,4373,112,120,1758,285,190,677,237,571,120262,387,15602,76007,466,11939,4406,19146,4382,1532,35297,12524,685,50,363,7979,570,1970,952,1701,10705,78303,1705,1338,235,1235,763,415,117,428,86,70
Камчадалы,Kamchadals,2,NA,2,NA,1,1,NA,1,NA,3,1,1,NA,NA,1,NA,NA,3,NA,NA,NA,NA,NA,NA,1,NA,NA,3,3,NA,NA,1,2,1,NA,NA,NA,NA,NA,NA,1,2,NA,NA,NA,1,1,1,1,1,NA,NA,NA,1,1,1,NA,2,NA,NA,NA,NA,NA,2,NA,NA,4,NA,2,9,2,1,2,NA,4,1551,7,13,2,280,2,NA,6
Караимы,Karaites,1,1,NA,1,1,4,NA,1,1,18,1,NA,NA,NA,1,2,1,89,NA,1,1,NA,NA,1,NA,1,1,NA,22,NA,NA,6,NA,2,4,NA,NA,NA,NA,NA,NA,3,3,NA,NA,1,2,1,3,1,NA,NA,NA,4,3,NA,NA,5,4,3,1,5,NA,2,NA,NA,NA,NA,2,NA,NA,1,NA,NA,NA,NA,1,2,NA,1,NA,NA,NA
Каракалпаки,Karakalpaks,7,6,4,15,14,11,2,2,NA,130,NA,3,8,2,14,6,7,128,2,1,3,NA,6,4,23,2,14,9,60,1,5,10,99,212,36,8,NA,4,4,1,NA,17,56,6,4,71,15,7,20,1,6,66,8,29,66,11,NA,28,44,23,5,14,5,4,3,6,5,10,28,10,18,3,8,6,7,1,5,5,6,1,NA,2,1
Карачаевцы,Karachai,21,15,72,125,15,26,17,34,27,550,35,45,27,46,87,43,40,1184,14,76,32,1,29,76,77,31,34,16,321,99,165,1100,136,230,571,69,3,1028,194324,63,37,15598,80,5,14,35,38,6,39,29,158,35,28,100,199,7,7,69,320,96,180,60,5,17,10,13,47,18,83,54,35,47,23,26,86,27,43,41,26,9,10,8,8
Карелы,Karels,41,24,45,32,41,37,32,18,26,272,14,38,38,17,7394,39,75,358,45570,180,180,2,149,110,1345,1376,183,100,1396,5,NA,108,7,52,90,3,1,10,3,5,10,40,27,17,13,73,16,28,67,33,69,29,31,107,36,29,16,82,128,75,23,62,NA,13,2,13,27,13,68,55,131,13,51,16,17,7,15,23,10,6,5,NA,3
Коми,Komi,128,55,211,95,267,92,123,53,52,541,69,81,87,32,120,100,236,565,182,202348,4583,3623,295,146,456,1649,123,150,1072,49,15,502,60,149,202,8,NA,25,23,12,8,151,113,87,28,152,161,117,356,866,258,60,49,168,109,101,32,445,8469,2364,5141,162,8,29,2,50,63,19,159,98,122,127,403,71,32,33,45,44,31,14,24,6,7
Коми-пермяки,Komi-perm,48,16,242,39,255,62,31,15,31,168,29,32,37,14,92,54,37,155,50,659,59,NA,58,97,109,78,22,47,132,38,35,652,37,251,1113,3,1,14,19,12,8,181,93,30,11,299,271,47,81084,378,111,118,36,208,199,94,174,1328,2621,2134,129,326,15,28,5,53,119,26,308,313,255,117,307,47,85,53,97,77,35,15,28,9,4
Корейцы,Korejci,513,126,511,672,323,638,112,178,316,5537,176,667,325,146,719,772,265,9783,100,196,78,3,109,731,1122,173,341,119,4031,766,1342,3952,2939,7044,11597,226,15,4034,30,1458,29,6759,777,53,84,864,290,81,555,100,984,2080,221,1699,4206,221,169,1195,1536,867,266,905,144,486,162,547,1214,256,1029,1342,908,3193,705,1207,1421,1401,18824,8015,1756,183,24993,352,28
Коряки,Koryak,1,NA,1,1,2,2,2,2,1,3,NA,2,1,2,1,1,1,28,1,1,NA,NA,2,1,9,2,NA,NA,38,1,NA,9,NA,3,2,NA,NA,NA,1,NA,NA,9,2,NA,NA,NA,2,1,NA,4,1,NA,NA,NA,1,2,2,11,10,7,1,2,NA,1,NA,4,3,3,26,10,2,4,8,1,11,6640,34,55,8,900,1,5,69
Крымские татары,Krymských Tatarů,6,NA,14,8,7,9,4,4,1,67,1,5,5,4,5,23,5,129,1,12,4,NA,5,6,8,8,5,NA,43,3,NA,1407,10,14,85,1,1,14,5,1,NA,15,39,22,NA,64,6,3,56,2,13,24,6,26,12,6,NA,34,89,66,21,6,4,5,NA,NA,9,NA,2,13,12,3,6,16,2,4,7,5,3,NA,5,NA,NA
Кубинцы,Kubánci,4,NA,8,16,6,4,1,NA,3,72,NA,6,1,7,1,9,4,223,4,3,NA,NA,8,13,10,3,2,2,63,1,NA,12,NA,18,13,NA,NA,NA,1,1,NA,5,21,1,2,4,4,NA,2,5,10,1,9,9,4,9,NA,8,2,1,NA,20,NA,2,NA,NA,NA,NA,2,1,6,18,5,1,1,1,1,2,NA,NA,1,NA,NA
Кумандинцы,Kumandy,1,NA,NA,1,1,NA,NA,2,1,10,1,1,1,NA,NA,2,NA,1,2,2,NA,NA,NA,2,1,2,NA,NA,12,NA,1,NA,NA,1,3,NA,NA,1,NA,NA,1,NA,1,NA,NA,3,NA,3,3,1,NA,4,NA,NA,4,NA,NA,NA,22,13,4,2,1062,1,1,5,1401,2,13,8,225,17,12,16,3,4,10,8,NA,6,4,NA,1
Кумыки,Kumyks,66,133,124,234,95,215,51,120,98,1622,91,269,90,86,126,224,110,2351,20,142,80,8,53,125,224,174,69,75,947,91,619,581,1558,1018,1511,431736,118,699,264,16092,12221,5639,119,34,19,173,39,23,113,91,161,119,94,153,575,88,17,269,18668,13849,4466,124,7,60,6,12,65,116,596,112,41,88,81,48,216,44,237,103,69,14,87,9,9
Курды,Kurdové,194,83,22,594,23,52,15,20,43,188,1353,28,11,721,24,230,115,483,3,11,2,NA,10,25,27,7,NA,3,114,4528,238,5899,20,541,830,43,1,321,43,93,2,1790,88,2,9,60,35,24,41,22,52,56,14,35,2851,18,204,133,171,60,11,76,1,6,NA,6,28,7,37,25,57,57,125,38,8,31,124,7,15,4,3,12,NA
Нивхи,Nivkhi,1,2,1,1,NA,1,NA,NA,NA,2,NA,1,NA,NA,1,1,NA,2,1,NA,NA,NA,NA,NA,4,NA,NA,NA,9,NA,NA,3,1,2,NA,NA,NA,NA,NA,NA,NA,4,2,NA,NA,2,NA,NA,2,NA,NA,1,NA,3,1,2,NA,7,5,4,NA,2,NA,4,NA,NA,4,3,14,7,NA,7,4,1,18,9,35,2149,10,6,2290,24,3
Нагайбаки,Nagaybaks,2,1,1,1,1,2,NA,NA,1,2,3,1,2,NA,6,2,NA,5,NA,10,NA,NA,1,5,1,7,1,1,27,1,NA,5,NA,1,1,NA,NA,1,1,NA,NA,3,38,6,NA,6,8,1,3,1,NA,14,NA,1,NA,1,4,30,166,138,24,7679,NA,5,NA,NA,NA,4,31,5,4,4,7,3,25,1,NA,1,NA,1,3,NA,NA
Ненцы,Nenets,4,NA,NA,8,2,NA,8,3,2,28,2,1,3,1,3,1,8,45,4,503,8020,7504,15,13,23,149,6,NA,109,1,3,9,2,14,23,5,NA,2,2,NA,1,9,8,6,NA,4,4,1,26,26,4,4,2,9,11,3,24,52,31621,1438,29772,10,NA,6,NA,2,5,7,3633,7,2,11,21,5,23,5,12,6,22,1,3,NA,22
Немцы,Němci,1922,405,1031,1431,580,1154,427,553,976,4061,662,1010,795,638,1289,2718,750,4817,490,5441,848,10,641,7349,1722,725,664,425,2849,818,1071,12171,916,10102,4234,179,22,1462,307,588,82,5288,5909,399,276,2200,1238,404,6252,1040,1248,12165,849,6780,7579,1872,1740,14914,20723,6828,1847,18687,700,1016,87,5976,50701,750,22363,3725,23125,30924,50055,8687,1540,430,2087,1793,1048,395,493,247,108
Ногайцы,Nogai,8,8,42,99,23,99,7,8,35,266,10,38,14,46,34,133,15,585,9,201,12,NA,9,28,34,108,23,7,126,24,75,300,7589,178,233,40407,6,289,15654,220,3444,22006,45,11,NA,23,7,5,11,8,34,27,16,35,349,13,1,46,8888,5323,3479,11,9,14,1,7,12,10,950,35,11,20,14,8,357,7,44,120,6,25,14,11,3
Персы,Peršané,31,6,24,44,25,26,6,3,7,196,12,22,11,6,23,32,6,431,3,12,3,NA,2,33,72,6,16,5,207,25,1,89,123,46,59,503,NA,418,35,68,5,108,104,4,17,55,17,13,35,13,54,70,6,66,39,31,8,59,103,40,53,15,NA,1,NA,4,16,5,24,28,10,34,22,18,8,2,24,15,4,12,9,NA,1
Поляки,Poláci,480,197,304,373,201,352,145,175,181,1987,146,237,466,114,483,269,303,3122,1849,843,390,22,249,2788,1028,652,232,359,2647,158,61,1969,158,764,1074,38,7,144,46,177,12,810,504,67,56,443,235,117,510,194,378,525,146,917,678,216,303,1449,2418,1336,455,1185,31,170,20,273,580,182,1268,1364,750,816,2231,750,297,153,600,488,368,111,227,84,31
Якуты (саха),Yakutia (Sakha),29,16,20,20,11,51,10,12,18,306,14,16,28,8,33,21,21,1508,15,15,18,3,2,25,72,16,20,21,701,9,14,94,6,29,50,NA,NA,3,3,6,13,43,26,19,6,36,17,13,33,11,52,38,8,39,26,19,10,284,61,36,10,54,14,272,45,39,126,163,1468,858,84,629,136,285,466492,142,766,1417,449,407,63,99,62
Японцы,Japonec,2,1,NA,2,NA,NA,1,NA,1,29,NA,1,NA,NA,1,1,2,280,2,2,NA,NA,1,2,4,1,NA,1,65,NA,1,5,1,7,2,1,NA,NA,1,2,NA,3,1,6,NA,6,3,3,7,1,1,1,1,4,NA,1,1,19,7,3,NA,2,NA,2,1,NA,NA,NA,9,11,5,16,5,7,6,6,40,60,6,4,219,5,NA
Осетины,Osetinci,330,135,253,764,168,365,119,382,297,3427,132,167,221,205,293,406,228,11311,114,323,126,9,203,366,587,347,131,120,3233,450,248,4537,477,1034,2801,886,74,9129,3142,459688,585,7988,265,59,78,346,110,64,312,136,404,243,128,793,563,280,81,573,1713,865,466,384,22,86,25,81,314,159,1493,423,256,355,267,146,623,225,528,327,162,288,261,61,89
Андийцы,A Já,NA,4,2,2,7,1,NA,NA,NA,2,3,NA,NA,NA,3,NA,NA,10,NA,NA,NA,NA,NA,NA,NA,NA,NA,3,NA,1,62,47,19,9,77,11448,NA,NA,NA,1,17,39,NA,NA,NA,3,NA,NA,NA,NA,NA,1,NA,NA,4,NA,NA,2,13,6,7,1,NA,1,NA,1,1,NA,1,1,1,1,NA,NA,NA,NA,1,NA,NA,NA,NA,NA,NA
Нанайцы,Nanai,NA,1,3,1,NA,1,NA,4,NA,7,NA,8,NA,NA,4,NA,1,10,NA,NA,1,NA,1,NA,4,NA,NA,NA,21,NA,4,11,1,1,4,NA,NA,1,NA,NA,NA,10,7,NA,NA,3,1,NA,2,NA,7,3,NA,2,NA,1,NA,1,12,6,3,2,5,11,3,NA,4,10,13,10,4,10,5,4,42,69,383,11009,25,7,148,95,6
Пакистанцы,Pákistánci,NA,7,1,11,22,4,NA,2,16,46,NA,3,2,NA,1,10,5,112,1,2,NA,NA,NA,3,5,NA,2,1,45,NA,NA,16,5,6,9,11,NA,2,4,8,3,8,NA,1,21,32,4,8,4,NA,8,4,5,8,4,3,NA,1,3,NA,2,5,NA,NA,NA,1,3,1,3,4,NA,6,NA,NA,NA,NA,NA,1,1,NA,3,NA,NA
Аджарцы,Ajarians,NA,1,NA,4,NA,NA,NA,NA,NA,8,3,NA,NA,1,1,2,NA,56,NA,1,NA,NA,NA,NA,2,NA,NA,1,7,4,1,44,NA,3,13,7,NA,2,1,3,1,4,2,NA,NA,NA,1,NA,5,NA,2,2,NA,11,1,NA,NA,NA,1,NA,1,2,NA,NA,NA,NA,NA,NA,1,3,1,NA,1,5,1,NA,2,NA,NA,NA,NA,NA,NA
Селькупы,Selkups,NA,2,1,1,NA,NA,NA,1,NA,2,NA,NA,NA,NA,NA,NA,NA,2,NA,6,NA,NA,NA,NA,1,NA,1,1,15,NA,NA,7,NA,2,1,NA,NA,NA,NA,NA,2,2,NA,1,1,NA,3,1,5,2,1,2,NA,NA,1,NA,2,10,2065,27,1988,NA,NA,1,NA,3,NA,2,281,4,10,18,3,1181,2,NA,NA,2,NA,NA,NA,1,NA
Эскимосы,Huskies,NA,NA,1,5,NA,NA,NA,1,1,3,NA,NA,2,2,NA,NA,1,15,NA,NA,NA,NA,3,2,3,1,1,NA,10,2,NA,2,NA,1,NA,NA,NA,NA,NA,NA,NA,NA,3,NA,NA,NA,2,1,3,NA,NA,NA,NA,NA,NA,1,NA,1,NA,NA,NA,NA,NA,1,NA,NA,5,NA,10,6,3,3,13,4,11,14,8,20,4,33,2,5,1529
Дидойцы,Tsez lidé,NA,NA,2,NA,8,NA,NA,NA,NA,NA,1,NA,NA,NA,NA,NA,NA,6,NA,NA,NA,NA,NA,1,NA,1,NA,NA,1,NA,6,4,1,NA,NA,11623,NA,NA,NA,NA,NA,7,NA,1,NA,NA,NA,NA,NA,1,7,NA,10,NA,NA,NA,NA,NA,NA,NA,NA,NA,NA,NA,NA,NA,NA,NA,NA,NA,NA,NA,NA,NA,NA,NA,3,NA,NA,NA,NA,NA,NA
Крымчаки,Krimchaks,NA,NA,1,NA,NA,2,NA,NA,NA,4,1,NA,1,NA,NA,1,NA,20,NA,NA,NA,NA,1,NA,NA,1,NA,NA,6,NA,NA,35,NA,NA,2,NA,NA,NA,NA,NA,NA,4,1,1,NA,NA,NA,NA,NA,NA,NA,1,3,1,1,1,NA,NA,1,1,NA,NA,NA,NA,NA,NA,NA,NA,NA,NA,NA,1,NA,NA,NA,NA,NA,NA,NA,NA,NA,NA,NA
Тазы,Umyvadla,NA,NA,1,NA,NA,NA,NA,NA,NA,NA,NA,NA,NA,NA,NA,NA,NA,NA,NA,NA,NA,NA,NA,NA,NA,NA,NA,NA,NA,NA,NA,NA,NA,NA,NA,NA,NA,5,NA,NA,NA,NA,NA,NA,NA,NA,NA,NA,NA,NA,NA,NA,NA,1,NA,NA,NA,NA,NA,NA,NA,NA,NA,NA,NA,NA,NA,NA,2,1,1,1,NA,NA,NA,NA,253,1,3,1,4,NA,NA
Кряшены,Kryashens,NA,NA,1,NA,NA,1,1,NA,1,31,NA,1,2,NA,3,2,1,42,1,1,NA,NA,1,5,2,6,2,NA,12,NA,NA,6,1,3,7,NA,NA,2,1,NA,NA,2,3801,14,NA,29962,482,7,21,82,11,19,1,24,1,5,NA,16,73,63,5,34,NA,1,1,1,1,1,81,6,17,2,NA,6,3,2,4,2,NA,NA,3,NA,NA
Бесермяне,Besermyan,NA,NA,1,NA,NA,NA,NA,NA,NA,1,1,2,1,NA,NA,NA,NA,6,NA,1,NA,NA,NA,1,1,2,NA,NA,1,NA,NA,NA,NA,NA,NA,NA,NA,NA,NA,NA,NA,NA,5,NA,NA,5,2111,NA,15,4,2,1,NA,1,2,NA,NA,19,5,4,NA,1,NA,NA,NA,NA,NA,NA,6,2,NA,2,NA,NA,NA,1,1,NA,NA,NA,NA,NA,NA
Мордва-мокша,Mordvinians-Mókša,NA,NA,10,2,1,5,1,NA,NA,87,1,11,NA,NA,5,NA,3,94,2,5,1,NA,NA,3,3,3,NA,NA,12,NA,NA,10,NA,5,6,NA,NA,1,1,NA,NA,NA,13,1,4178,13,3,4,10,2,22,21,25,85,11,16,1,7,5,2,1,26,NA,1,NA,3,9,NA,8,3,7,4,3,2,1,NA,3,6,1,NA,1,NA,NA
Карагаши,Karagash,NA,NA,1,NA,NA,NA,NA,NA,NA,NA,NA,NA,NA,NA,NA,NA,NA,NA,NA,NA,NA,NA,NA,NA,NA,NA,NA,NA,NA,NA,NA,NA,12,NA,NA,NA,NA,NA,NA,NA,NA,NA,NA,NA,NA,NA,NA,NA,NA,NA,NA,NA,NA,NA,NA,NA,NA,3,NA,NA,NA,NA,NA,NA,NA,NA,NA,NA,NA,NA,NA,NA,NA,NA,NA,NA,NA,NA,NA,NA,NA,NA,NA
Орочи,Orochi,NA,NA,2,NA,NA,NA,NA,NA,NA,1,NA,NA,NA,NA,NA,NA,NA,2,1,NA,NA,NA,NA,NA,NA,NA,NA,1,1,NA,NA,1,NA,NA,3,NA,NA,NA,NA,NA,NA,1,1,NA,NA,NA,NA,NA,NA,NA,NA,NA,NA,NA,2,NA,NA,NA,NA,NA,NA,NA,NA,NA,NA,NA,1,1,1,2,NA,NA,1,NA,1,2,19,441,1,76,28,2,4
Памирцы,Pamirs,NA,NA,3,NA,2,1,1,1,3,64,NA,7,2,1,1,5,1,96,NA,1,NA,NA,1,2,6,1,NA,NA,17,NA,1,13,1,11,2,NA,NA,1,2,1,NA,1,1,2,NA,6,NA,2,1,4,8,6,NA,15,1,NA,NA,27,3,2,1,2,NA,NA,NA,NA,4,NA,3,1,10,3,1,NA,NA,2,6,1,5,NA,NA,NA,NA
Поморы,Pomorové,NA,NA,NA,3,2,2,3,1,NA,25,NA,NA,3,NA,5,NA,4,54,504,25,2015,7,3,NA,5,235,4,4,48,NA,NA,8,NA,10,8,NA,NA,NA,NA,NA,NA,6,2,NA,NA,1,6,1,5,NA,NA,NA,NA,4,2,1,2,9,3,1,NA,3,NA,58,NA,NA,NA,NA,19,5,2,1,2,1,1,NA,1,4,NA,NA,3,NA,NA
Удэгейцы,Udehejské,NA,NA,NA,1,NA,NA,NA,NA,NA,NA,NA,NA,NA,NA,2,NA,NA,10,NA,NA,NA,NA,NA,3,NA,NA,NA,NA,1,3,NA,4,NA,1,NA,NA,NA,NA,NA,NA,NA,NA,NA,NA,NA,NA,NA,NA,NA,2,NA,NA,NA,2,NA,NA,NA,NA,2,NA,2,2,NA,2,1,NA,NA,1,2,1,1,2,2,2,6,10,793,620,2,1,9,8,NA
Хемшилы,Hemshils,NA,NA,NA,265,NA,NA,NA,NA,NA,13,NA,2,1,NA,NA,NA,NA,4,NA,NA,NA,NA,NA,NA,NA,4,NA,NA,3,5,NA,1414,NA,NA,306,NA,NA,NA,NA,NA,NA,1,NA,NA,NA,1,1,NA,NA,NA,NA,NA,NA,1,NA,NA,NA,1,4,4,NA,13,NA,NA,NA,NA,NA,NA,1,NA,2,1,4,NA,NA,NA,NA,NA,NA,NA,NA,NA,NA
Нганасаны,Nganasans,NA,NA,NA,1,NA,NA,NA,NA,NA,NA,NA,NA,NA,NA,NA,NA,NA,2,NA,NA,NA,NA,NA,NA,1,NA,NA,NA,1,NA,NA,NA,NA,43,NA,NA,NA,NA,NA,NA,NA,NA,NA,NA,NA,NA,NA,NA,NA,NA,NA,NA,NA,NA,NA,NA,1,1,NA,NA,NA,NA,NA,NA,NA,NA,NA,NA,807,1,NA,NA,2,NA,1,NA,1,NA,NA,NA,NA,NA,NA
Черногорцы,Černohorci,NA,NA,NA,2,NA,NA,2,NA,NA,12,NA,NA,NA,1,NA,1,NA,89,NA,NA,NA,NA,NA,NA,1,NA,NA,NA,4,NA,NA,6,NA,NA,1,NA,NA,NA,NA,NA,NA,NA,NA,NA,1,37,1,NA,4,NA,NA,NA,NA,3,2,NA,NA,2,2,1,1,4,NA,NA,NA,1,NA,NA,1,3,NA,NA,1,NA,NA,NA,NA,NA,NA,NA,NA,NA,NA
Чеченцы-аккинцы,Akkin Čečenci,NA,NA,NA,1,NA,6,NA,NA,NA,6,NA,NA,NA,NA,NA,2,4,16,NA,NA,NA,NA,NA,NA,NA,NA,NA,NA,NA,NA,NA,2,3,1,NA,15,5,NA,NA,NA,2,NA,NA,NA,NA,NA,NA,NA,NA,NA,NA,NA,NA,NA,NA,NA,NA,NA,9,4,5,1,NA,1,NA,NA,NA,NA,NA,NA,NA,NA,1,1,NA,NA,NA,NA,NA,NA,NA,NA,NA
Коми-ижемцы,Komi Izhma,NA,NA,NA,NA,1,NA,NA,NA,NA,3,NA,NA,2,NA,4,NA,NA,5,NA,5725,1,1,NA,NA,2,472,NA,2,18,NA,NA,2,NA,NA,NA,NA,NA,NA,NA,NA,NA,NA,NA,NA,NA,2,1,NA,NA,11,NA,NA,NA,NA,NA,NA,NA,NA,164,50,108,1,NA,NA,NA,NA,NA,NA,3,NA,NA,NA,NA,1,NA,NA,NA,NA,NA,NA,NA,NA,NA
Чуванцы,Chuvans,NA,NA,NA,NA,1,NA,NA,NA,1,NA,1,NA,NA,NA,NA,NA,NA,2,NA,NA,NA,NA,NA,1,NA,NA,NA,NA,4,NA,NA,NA,NA,NA,2,NA,NA,NA,NA,NA,NA,NA,NA,NA,NA,NA,1,NA,NA,1,NA,NA,2,NA,NA,NA,NA,NA,NA,NA,NA,NA,NA,2,NA,NA,1,NA,5,NA,NA,2,1,NA,3,6,1,8,1,57,1,1,897
Ижорцы,Ižorové,NA,NA,NA,NA,2,NA,NA,NA,NA,NA,NA,NA,NA,NA,2,NA,3,7,19,2,1,NA,NA,2,169,4,3,2,37,NA,NA,NA,NA,NA,1,NA,NA,NA,NA,NA,NA,NA,NA,NA,NA,NA,NA,NA,NA,NA,NA,NA,NA,NA,NA,NA,NA,3,2,NA,1,1,NA,NA,NA,NA,NA,NA,4,1,1,NA,NA,NA,NA,NA,NA,NA,NA,NA,NA,NA,NA
Каратинцы,Karata lidé,NA,NA,NA,NA,NA,5,NA,NA,NA,6,NA,NA,NA,NA,NA,1,NA,6,NA,NA,NA,NA,NA,NA,2,NA,NA,NA,2,NA,NA,NA,NA,NA,3,4761,NA,NA,NA,NA,NA,NA,NA,NA,NA,NA,NA,NA,NA,NA,NA,NA,NA,NA,NA,NA,NA,NA,NA,NA,NA,NA,NA,NA,NA,NA,NA,NA,NA,1,NA,NA,NA,NA,NA,NA,NA,NA,NA,NA,NA,NA,NA
Осетины-иронцы,Ossets,NA,NA,NA,NA,NA,2,NA,NA,NA,NA,NA,NA,1,NA,NA,NA,NA,1,NA,NA,NA,NA,NA,NA,NA,NA,NA,NA,3,NA,NA,NA,NA,NA,NA,NA,NA,2,NA,35,NA,NA,NA,NA,NA,NA,NA,NA,NA,NA,NA,NA,NA,1,NA,NA,NA,2,NA,NA,NA,NA,NA,NA,NA,NA,NA,NA,NA,NA,NA,NA,NA,NA,NA,NA,NA,1,NA,NA,NA,NA,NA
Алеуты,Aleuts,NA,NA,NA,NA,NA,NA,1,1,NA,2,NA,NA,NA,NA,1,2,1,14,NA,NA,NA,NA,NA,1,NA,NA,NA,NA,8,NA,NA,2,NA,1,NA,NA,NA,1,NA,NA,NA,NA,NA,NA,2,1,1,NA,1,NA,NA,NA,NA,2,1,1,NA,1,1,1,NA,2,NA,NA,NA,NA,NA,5,NA,1,1,NA,1,3,2,401,4,4,3,5,1,2,1
Ульчи,Ulchi,NA,NA,NA,NA,NA,NA,1,NA,NA,1,NA,NA,NA,1,1,NA,NA,3,NA,NA,NA,NA,NA,NA,1,NA,NA,NA,5,NA,NA,2,NA,NA,1,NA,NA,NA,NA,NA,NA,NA,NA,NA,NA,3,NA,NA,2,NA,NA,NA,NA,1,2,NA,NA,1,5,2,3,NA,NA,10,NA,1,NA,3,5,2,4,5,2,3,12,14,19,2621,4,5,4,19,2
Кеты,Kamarád,NA,NA,NA,NA,NA,NA,NA,1,NA,1,NA,NA,1,NA,2,NA,NA,4,1,NA,1,1,1,NA,2,2,NA,1,8,NA,NA,4,NA,1,NA,NA,NA,NA,NA,NA,1,NA,NA,NA,2,3,NA,NA,NA,NA,1,1,NA,1,1,1,1,4,26,12,9,2,NA,1,2,8,6,4,957,4,4,6,2,141,3,NA,1,1,2,NA,1,1,1
Телеуты,Teleuts,NA,NA,NA,NA,NA,NA,NA,NA,1,2,NA,NA,NA,NA,NA,NA,NA,2,NA,NA,NA,NA,NA,NA,NA,NA,NA,NA,NA,NA,NA,NA,NA,NA,NA,NA,NA,NA,NA,NA,NA,NA,NA,NA,NA,NA,NA,NA,NA,NA,NA,NA,NA,NA,1,1,NA,NA,3,NA,2,NA,37,1,2,1,19,3,5,NA,2520,14,1,16,13,1,NA,NA,NA,NA,NA,NA,NA
Ингилойцы,Ingiloys,NA,NA,NA,NA,NA,NA,NA,NA,1,1,NA,1,NA,NA,NA,NA,NA,NA,NA,NA,NA,NA,NA,NA,NA,NA,NA,NA,NA,4,NA,NA,NA,3,NA,NA,NA,NA,NA,NA,NA,NA,3,NA,NA,3,NA,NA,2,NA,NA,NA,NA,NA,NA,NA,NA,NA,6,NA,6,NA,NA,NA,NA,NA,NA,NA,72,NA,NA,NA,NA,NA,NA,NA,NA,NA,NA,NA,2,NA,NA
Сибирские татары,Sibiřské Tataři,NA,NA,NA,NA,NA,NA,NA,NA,NA,2,NA,NA,NA,NA,NA,NA,NA,5,NA,NA,NA,NA,NA,NA,NA,NA,NA,NA,5,NA,NA,1,NA,NA,NA,NA,NA,NA,NA,NA,NA,NA,2,1,NA,6,NA,NA,NA,NA,NA,NA,1,1,NA,1,NA,1,6676,52,18,1,NA,NA,NA,NA,NA,1,8,NA,5,NA,58,2,NA,NA,NA,2,NA,NA,NA,NA,NA
Челканцы,Chelkans,NA,NA,NA,NA,NA,NA,NA,NA,NA,4,NA,NA,NA,NA,NA,NA,NA,NA,NA,NA,NA,NA,NA,NA,NA,NA,NA,NA,3,NA,NA,1,NA,NA,NA,NA,NA,NA,NA,NA,NA,NA,1,NA,NA,3,NA,NA,NA,NA,NA,NA,NA,NA,1,NA,NA,1,NA,NA,NA,NA,1113,6,2,1,19,1,4,1,4,7,1,3,NA,NA,1,3,NA,NA,NA,1,NA
Кубачинцы,Kubachins,NA,NA,NA,NA,NA,NA,NA,NA,NA,1,NA,NA,NA,NA,NA,NA,NA,8,NA,NA,NA,NA,NA,NA,NA,NA,NA,NA,2,NA,NA,NA,NA,NA,NA,101,NA,1,2,4,NA,NA,NA,NA,NA,NA,NA,NA,NA,NA,NA,NA,NA,NA,1,NA,NA,NA,NA,NA,NA,NA,NA,NA,NA,NA,NA,NA,NA,NA,NA,NA,NA,NA,NA,NA,NA,NA,NA,NA,NA,NA,NA
Горные марийцы,Mountain Mari,NA,NA,NA,NA,NA,NA,NA,NA,NA,3,NA,NA,NA,NA,NA,NA,NA,3,NA,1,NA,NA,NA,NA,NA,1,NA,NA,NA,NA,NA,1,1,NA,NA,NA,NA,NA,NA,NA,NA,NA,NA,23502,NA,3,1,24,NA,1,6,NA,2,1,NA,NA,NA,NA,1,1,NA,NA,NA,NA,NA,NA,NA,NA,1,NA,1,NA,NA,NA,NA,4,NA,2,NA,NA,NA,NA,NA
Водь,Vod,NA,NA,NA,NA,NA,NA,NA,NA,NA,1,NA,NA,NA,NA,1,NA,NA,NA,NA,NA,NA,NA,1,NA,33,NA,NA,NA,26,NA,NA,NA,NA,1,NA,NA,NA,NA,NA,NA,NA,NA,NA,NA,NA,NA,1,NA,NA,NA,NA,NA,NA,NA,NA,NA,NA,NA,NA,NA,NA,NA,NA,NA,NA,NA,NA,NA,NA,NA,NA,NA,NA,NA,NA,NA,NA,NA,NA,NA,NA,NA,NA
Кереки,Kerek,NA,NA,NA,NA,NA,NA,NA,NA,NA,1,NA,NA,NA,NA,NA,NA,NA,NA,NA,NA,NA,NA,NA,NA,NA,NA,NA,NA,NA,NA,NA,NA,NA,NA,NA,NA,NA,NA,NA,NA,NA,1,NA,NA,NA,NA,NA,NA,NA,NA,NA,NA,NA,NA,NA,NA,NA,NA,NA,NA,NA,NA,NA,NA,NA,NA,NA,NA,NA,NA,NA,NA,1,NA,NA,NA,NA,NA,NA,NA,NA,NA,1
Цыгане среднеазиатские,Roma Central Asian,NA,NA,NA,NA,NA,NA,NA,NA,NA,7,NA,NA,NA,NA,NA,NA,NA,NA,NA,NA,NA,NA,NA,NA,NA,NA,NA,NA,NA,NA,NA,NA,NA,NA,NA,NA,NA,NA,NA,NA,NA,NA,40,NA,NA,NA,NA,NA,1,NA,NA,NA,NA,NA,NA,NA,NA,1,NA,NA,NA,NA,NA,NA,NA,NA,NA,NA,NA,NA,NA,NA,NA,NA,NA,NA,NA,NA,NA,NA,NA,NA,NA
Лугово-восточные марийцы,Meadow-Eastern Mari,NA,NA,NA,NA,NA,NA,NA,NA,NA,2,NA,NA,NA,NA,NA,NA,NA,NA,NA,NA,1,NA,NA,NA,1,NA,NA,NA,NA,NA,NA,2,NA,NA,1,NA,NA,NA,NA,1,NA,NA,NA,200,NA,NA,NA,NA,NA,NA,1,NA,NA,1,NA,1,NA,1,NA,NA,NA,NA,NA,NA,NA,NA,NA,NA,2,NA,2,1,NA,NA,NA,NA,1,NA,NA,NA,NA,NA,NA
Чулымцы,Chulyms,NA,NA,NA,NA,NA,NA,NA,NA,NA,NA,1,NA,NA,NA,NA,NA,NA,NA,NA,NA,NA,NA,NA,NA,1,NA,NA,NA,NA,NA,NA,NA,NA,NA,NA,NA,NA,NA,NA,NA,NA,NA,NA,NA,NA,NA,NA,NA,NA,NA,NA,1,NA,NA,NA,NA,NA,NA,NA,NA,NA,NA,NA,NA,NA,NA,NA,NA,145,NA,2,1,NA,204,NA,NA,NA,NA,NA,NA,NA,NA,NA
Негидальцы,Negidals,NA,NA,NA,NA,NA,NA,NA,NA,NA,NA,NA,1,NA,NA,NA,NA,NA,1,NA,NA,NA,NA,NA,NA,2,NA,NA,NA,9,NA,NA,NA,NA,1,NA,NA,NA,NA,NA,NA,NA,NA,NA,NA,NA,NA,NA,NA,NA,NA,NA,NA,NA,NA,NA,NA,NA,NA,1,1,NA,1,NA,NA,NA,NA,NA,NA,1,NA,NA,NA,NA,NA,NA,2,5,480,NA,NA,2,7,NA
Сету (сето),Seto (Seto),NA,NA,NA,NA,NA,NA,NA,NA,NA,NA,NA,NA,NA,NA,1,NA,NA,2,NA,NA,NA,NA,NA,1,4,NA,NA,123,3,NA,NA,NA,NA,NA,NA,NA,NA,NA,NA,NA,NA,NA,NA,NA,NA,1,NA,NA,NA,NA,NA,NA,NA,NA,NA,NA,NA,NA,NA,NA,NA,NA,NA,NA,NA,2,NA,NA,75,1,NA,NA,1,NA,NA,NA,NA,NA,NA,NA,NA,NA,NA
Сваны,Swans,NA,NA,NA,NA,NA,NA,NA,NA,NA,NA,NA,NA,NA,NA,NA,NA,1,3,1,NA,NA,NA,NA,NA,1,NA,NA,1,2,NA,NA,8,NA,1,5,NA,NA,6,7,NA,NA,2,NA,NA,NA,NA,1,NA,NA,NA,NA,NA,NA,2,NA,1,NA,NA,1,NA,1,NA,NA,NA,NA,NA,NA,NA,NA,1,NA,1,NA,NA,NA,NA,NA,NA,NA,NA,NA,NA,NA
Шапсуги,Shapsugs,NA,NA,NA,NA,NA,NA,NA,NA,NA,NA,NA,NA,NA,NA,NA,NA,NA,6,NA,NA,NA,NA,NA,NA,NA,NA,NA,NA,NA,11,NA,3839,NA,NA,8,NA,NA,15,3,NA,NA,NA,NA,NA,NA,NA,NA,NA,NA,NA,NA,NA,NA,NA,NA,NA,NA,NA,NA,NA,NA,NA,NA,NA,NA,NA,NA,NA,NA,NA,NA,NA,NA,NA,NA,NA,NA,NA,NA,NA,NA,NA,NA
Ахвахцы,Akhvakh lidé,NA,NA,NA,NA,NA,NA,NA,NA,NA,NA,NA,NA,NA,NA,NA,NA,NA,7,NA,NA,NA,NA,NA,NA,NA,NA,NA,NA,NA,NA,NA,NA,NA,NA,NA,7923,NA,NA,NA,NA,NA,NA,NA,NA,NA,NA,NA,NA,NA,NA,NA,NA,NA,NA,NA,NA,NA,NA,NA,NA,NA,NA,NA,NA,NA,NA,NA,NA,NA,NA,NA,NA,NA,NA,NA,NA,NA,NA,NA,NA,NA,NA,NA
Теленгиты,Telengits,NA,NA,NA,NA,NA,NA,NA,NA,NA,NA,NA,NA,NA,NA,NA,NA,NA,3,NA,NA,NA,NA,NA,NA,NA,NA,NA,NA,NA,NA,NA,NA,NA,NA,NA,NA,NA,NA,NA,NA,1,NA,NA,NA,NA,NA,NA,NA,NA,NA,NA,NA,NA,NA,NA,NA,NA,NA,NA,NA,NA,NA,3648,2,NA,2,19,NA,NA,NA,2,17,1,11,NA,NA,3,2,NA,NA,NA,NA,1
Бежтинцы,Bezhta lidé,NA,NA,NA,NA,NA,NA,NA,NA,NA,NA,NA,NA,NA,NA,NA,NA,NA,2,NA,NA,NA,NA,NA,NA,NA,NA,NA,NA,NA,NA,NA,NA,NA,NA,NA,5956,NA,NA,NA,NA,NA,NA,NA,NA,NA,NA,NA,NA,NA,NA,NA,NA,NA,NA,NA,NA,NA,NA,NA,NA,NA,NA,NA,NA,NA,NA,NA,NA,NA,NA,NA,NA,NA,NA,NA,NA,NA,NA,NA,NA,NA,NA,NA
Арчинцы,Archi,NA,NA,NA,NA,NA,NA,NA,NA,NA,NA,NA,NA,NA,NA,NA,NA,NA,5,NA,NA,NA,NA,NA,NA,1,NA,NA,NA,NA,NA,NA,NA,NA,NA,NA,6,NA,NA,NA,NA,NA,NA,NA,NA,NA,NA,NA,NA,NA,NA,NA,NA,NA,NA,NA,NA,NA,NA,NA,NA,NA,NA,NA,NA,NA,NA,NA,NA,NA,NA,NA,NA,NA,NA,NA,NA,NA,NA,NA,NA,NA,NA,NA
Багулалы,Bagvalal lidé,NA,NA,NA,NA,NA,NA,NA,NA,NA,NA,NA,NA,NA,NA,NA,NA,NA,5,NA,NA,NA,NA,NA,NA,NA,NA,NA,NA,NA,NA,NA,NA,NA,NA,NA,NA,NA,NA,NA,NA,NA,NA,NA,NA,NA,NA,NA,NA,NA,NA,NA,NA,NA,NA,NA,NA,NA,NA,NA,NA,NA,NA,NA,NA,NA,NA,NA,NA,NA,NA,NA,NA,NA,NA,NA,NA,NA,NA,NA,NA,NA,NA,NA
Курманч,Kurmanches,NA,NA,NA,NA,NA,NA,NA,NA,NA,NA,NA,NA,NA,NA,NA,NA,NA,6,NA,NA,NA,NA,NA,NA,NA,NA,NA,NA,NA,NA,NA,35,NA,NA,NA,NA,NA,NA,NA,NA,NA,NA,NA,NA,NA,NA,NA,NA,NA,NA,NA,NA,NA,NA,NA,NA,NA,NA,NA,NA,NA,NA,NA,NA,NA,NA,NA,NA,NA,1,NA,NA,NA,NA,NA,NA,NA,NA,NA,NA,NA,NA,NA
Осетины-дигорцы,Osetinci Digorians,NA,NA,NA,NA,NA,NA,NA,NA,NA,NA,NA,NA,NA,NA,NA,NA,NA,8,NA,NA,NA,NA,NA,NA,NA,NA,NA,NA,NA,NA,1,1,NA,NA,1,NA,NA,7,NA,197,NA,2,NA,NA,NA,NA,NA,NA,NA,NA,NA,NA,NA,NA,NA,NA,NA,NA,2,NA,2,NA,NA,NA,NA,NA,NA,NA,4,NA,NA,NA,NA,NA,NA,NA,NA,NA,NA,NA,NA,NA,NA
Грузинские евреи,Gruzínské Židé,NA,NA,NA,NA,NA,NA,NA,NA,NA,NA,NA,NA,NA,NA,NA,NA,NA,17,NA,NA,NA,NA,NA,NA,NA,1,NA,NA,NA,NA,NA,NA,NA,NA,NA,NA,NA,NA,NA,NA,NA,NA,NA,3,NA,1,NA,NA,1,NA,NA,NA,NA,1,2,NA,NA,34,NA,NA,NA,NA,NA,NA,NA,NA,NA,NA,18,NA,NA,NA,NA,NA,NA,NA,NA,NA,NA,NA,NA,NA,NA
Черкесогаи,Cherkesogai,NA,NA,NA,NA,NA,NA,NA,NA,NA,NA,NA,NA,NA,NA,NA,NA,NA,1,NA,NA,NA,NA,NA,NA,NA,NA,NA,NA,NA,NA,NA,5,NA,NA,NA,NA,NA,NA,NA,NA,NA,NA,NA,NA,NA,NA,NA,NA,NA,NA,NA,NA,NA,NA,NA,NA,NA,NA,NA,NA,NA,NA,NA,NA,NA,NA,NA,NA,NA,NA,NA,NA,NA,NA,NA,NA,NA,NA,NA,NA,NA,NA,NA
Среднеазиатские евреи,Střední Asie Židé,NA,NA,NA,NA,NA,NA,NA,NA,NA,NA,NA,NA,NA,NA,NA,NA,NA,12,NA,NA,NA,NA,NA,NA,NA,NA,NA,NA,2,NA,NA,2,NA,NA,1,NA,NA,NA,NA,NA,NA,NA,NA,NA,NA,1,NA,NA,NA,NA,NA,NA,NA,NA,NA,NA,NA,NA,NA,NA,NA,NA,NA,NA,NA,NA,NA,NA,12,NA,NA,1,NA,NA,1,NA,NA,NA,NA,NA,NA,NA,NA
Уйльта (ороки),Uilta (ÖROK),NA,NA,NA,NA,NA,NA,NA,NA,NA,NA,NA,NA,NA,NA,NA,NA,NA,7,NA,NA,NA,NA,1,NA,1,NA,NA,NA,5,NA,NA,2,NA,NA,NA,NA,NA,NA,NA,NA,NA,NA,NA,NA,2,NA,NA,NA,1,NA,NA,NA,NA,NA,NA,NA,NA,NA,NA,NA,NA,NA,NA,4,NA,NA,NA,NA,2,NA,NA,NA,NA,NA,NA,NA,2,7,1,1,259,NA,NA
Кайтагцы,Kaitags,NA,NA,NA,NA,NA,NA,NA,NA,NA,NA,NA,NA,NA,NA,NA,NA,NA,NA,NA,3,NA,NA,NA,NA,NA,NA,NA,NA,NA,NA,NA,NA,NA,NA,NA,4,NA,NA,NA,NA,NA,NA,NA,NA,NA,NA,NA,NA,NA,NA,NA,NA,NA,NA,NA,NA,NA,NA,NA,NA,NA,NA,NA,NA,NA,NA,NA,NA,NA,NA,NA,NA,NA,NA,NA,NA,NA,NA,NA,NA,NA,NA,NA
Тувинцы-тоджинцы,Tozhu Tuvans,NA,NA,NA,NA,NA,NA,NA,NA,NA,NA,NA,NA,NA,NA,NA,NA,NA,NA,NA,NA,NA,NA,NA,NA,NA,NA,NA,NA,1,NA,NA,NA,NA,NA,NA,NA,NA,NA,NA,NA,NA,NA,NA,NA,NA,NA,NA,NA,NA,NA,NA,NA,NA,NA,NA,NA,NA,NA,NA,NA,NA,NA,NA,1,1856,NA,NA,NA,NA,NA,NA,NA,NA,NA,NA,NA,NA,NA,NA,NA,NA,NA,NA
Хваршины,Khwarshi lidé,NA,NA,NA,NA,NA,NA,NA,NA,NA,NA,NA,NA,NA,NA,NA,NA,NA,NA,NA,NA,NA,NA,NA,NA,NA,NA,NA,NA,1,NA,NA,NA,NA,NA,NA,526,NA,NA,NA,NA,NA,NA,NA,NA,NA,NA,NA,NA,NA,NA,NA,NA,NA,NA,NA,NA,NA,NA,NA,NA,NA,NA,NA,NA,NA,NA,NA,NA,NA,NA,NA,NA,NA,NA,NA,NA,NA,NA,NA,NA,NA,NA,NA
Тубалары,Tubalars,NA,NA,NA,NA,NA,NA,NA,NA,NA,NA,NA,NA,NA,NA,NA,NA,NA,NA,NA,NA,NA,NA,NA,NA,NA,NA,NA,NA,5,NA,NA,NA,NA,NA,NA,NA,NA,NA,NA,NA,NA,NA,NA,NA,NA,NA,NA,NA,NA,NA,NA,1,NA,NA,NA,NA,NA,3,NA,NA,NA,NA,1891,1,NA,1,38,NA,3,6,1,11,NA,3,NA,NA,1,NA,NA,NA,NA,NA,NA
Энцы,Entsy,NA,NA,NA,NA,NA,NA,NA,NA,NA,NA,NA,NA,NA,NA,NA,NA,NA,NA,NA,NA,NA,NA,NA,NA,NA,NA,NA,NA,2,NA,NA,NA,NA,NA,NA,NA,NA,NA,NA,NA,NA,NA,NA,NA,NA,2,NA,NA,NA,NA,NA,NA,NA,NA,NA,NA,NA,NA,2,NA,2,NA,NA,NA,NA,NA,NA,NA,221,NA,NA,NA,NA,NA,NA,NA,NA,NA,NA,NA,NA,NA,NA
Чамалалы,Chamalal lidé,NA,NA,NA,NA,NA,NA,NA,NA,NA,NA,NA,NA,NA,NA,NA,NA,NA,NA,NA,NA,NA,NA,NA,NA,NA,NA,NA,NA,5,NA,NA,1,NA,NA,NA,16,NA,NA,NA,NA,NA,NA,NA,NA,NA,NA,NA,NA,NA,NA,NA,NA,NA,NA,NA,NA,NA,1,1,1,NA,NA,NA,NA,NA,NA,NA,NA,NA,NA,NA,NA,NA,NA,NA,NA,NA,NA,NA,NA,NA,NA,NA
Сойоты,Soyots,NA,NA,NA,NA,NA,NA,NA,NA,NA,NA,NA,NA,NA,NA,NA,NA,NA,NA,NA,NA,NA,NA,NA,NA,NA,NA,NA,NA,3,NA,NA,NA,NA,NA,NA,NA,NA,NA,NA,NA,NA,NA,NA,NA,NA,NA,NA,NA,NA,NA,NA,NA,NA,NA,NA,NA,NA,NA,NA,NA,NA,1,NA,3579,NA,NA,NA,8,2,11,NA,NA,NA,2,2,NA,NA,NA,NA,NA,NA,NA,NA
Ботлихцы,Botlikh lidé,NA,NA,NA,NA,NA,NA,NA,NA,NA,NA,NA,NA,NA,NA,NA,NA,NA,NA,NA,NA,NA,NA,NA,NA,NA,NA,NA,NA,NA,NA,NA,NA,NA,NA,NA,3508,NA,NA,NA,NA,NA,NA,NA,NA,NA,NA,NA,NA,NA,NA,NA,NA,NA,NA,NA,NA,NA,NA,NA,NA,NA,NA,NA,NA,NA,NA,NA,NA,NA,NA,NA,NA,NA,NA,NA,NA,NA,NA,NA,NA,NA,NA,NA
Гинухцы,Hinukh lidé,NA,NA,NA,NA,NA,NA,NA,NA,NA,NA,NA,NA,NA,NA,NA,NA,NA,NA,NA,NA,NA,NA,NA,NA,NA,NA,NA,NA,NA,NA,NA,NA,NA,NA,NA,439,NA,NA,NA,NA,NA,NA,NA,NA,NA,NA,NA,NA,NA,NA,NA,NA,NA,NA,NA,NA,NA,NA,3,NA,3,NA,NA,NA,NA,NA,NA,NA,1,NA,NA,NA,NA,NA,NA,NA,NA,NA,NA,NA,NA,NA,NA
Годоберинцы,Godoberi lidé,NA,NA,NA,NA,NA,NA,NA,NA,NA,NA,NA,NA,NA,NA,NA,NA,NA,NA,NA,NA,NA,NA,NA,NA,NA,NA,NA,NA,NA,NA,NA,NA,NA,NA,NA,426,NA,NA,NA,NA,NA,NA,NA,NA,NA,NA,NA,NA,NA,NA,NA,NA,NA,NA,NA,NA,NA,NA,NA,NA,NA,NA,NA,NA,NA,NA,NA,NA,1,NA,NA,NA,NA,NA,NA,NA,NA,NA,NA,NA,NA,NA,NA
Гунзибцы,Hunzib lidé,NA,NA,NA,NA,NA,NA,NA,NA,NA,NA,NA,NA,NA,NA,NA,NA,NA,NA,NA,NA,NA,NA,NA,NA,NA,NA,NA,NA,NA,NA,NA,NA,NA,NA,NA,918,NA,NA,NA,NA,NA,NA,NA,NA,NA,NA,NA,NA,NA,NA,NA,NA,NA,NA,NA,NA,NA,NA,NA,NA,NA,NA,NA,NA,NA,NA,NA,NA,NA,NA,NA,NA,NA,NA,NA,NA,NA,NA,NA,NA,NA,NA,NA
Тиндалы,Tyndall,NA,NA,NA,NA,NA,NA,NA,NA,NA,NA,NA,NA,NA,NA,NA,NA,NA,NA,NA,NA,NA,NA,NA,NA,NA,NA,NA,NA,NA,NA,NA,NA,NA,NA,NA,634,NA,NA,NA,NA,NA,NA,NA,NA,NA,NA,NA,NA,NA,NA,NA,NA,NA,NA,NA,NA,NA,NA,NA,NA,NA,NA,NA,NA,NA,NA,NA,NA,1,NA,NA,NA,NA,NA,NA,NA,NA,NA,NA,NA,NA,NA,NA
Астраханские татары,Astrachaň Tataři,NA,NA,NA,NA,NA,NA,NA,NA,NA,NA,NA,NA,NA,NA,NA,NA,NA,NA,NA,NA,NA,NA,NA,NA,NA,NA,NA,NA,NA,NA,NA,NA,NA,NA,NA,NA,NA,NA,NA,NA,NA,NA,NA,NA,NA,1,NA,NA,NA,NA,NA,NA,NA,NA,NA,NA,NA,NA,NA,NA,NA,NA,NA,NA,NA,NA,NA,NA,6,NA,NA,NA,NA,NA,NA,NA,NA,NA,NA,NA,NA,NA,NA
Юги,Yugi,NA,NA,NA,NA,NA,NA,NA,NA,NA,NA,NA,NA,NA,NA,NA,NA,NA,NA,NA,NA,NA,NA,NA,NA,NA,NA,NA,NA,NA,NA,NA,NA,NA,NA,NA,NA,NA,NA,NA,NA,NA,NA,NA,NA,NA,NA,NA,NA,NA,NA,NA,NA,NA,NA,NA,NA,NA,NA,NA,NA,NA,NA,NA,NA,NA,NA,NA,NA,1,NA,NA,NA,NA,NA,NA,NA,NA,NA,NA,NA,NA,NA,NA
Меннониты,Mennonites,NA,NA,NA,NA,NA,NA,NA,NA,NA,NA,NA,NA,NA,NA,NA,NA,NA,NA,NA,NA,NA,NA,NA,NA,NA,NA,NA,NA,NA,NA,NA,NA,NA,NA,NA,NA,NA,NA,NA,NA,NA,NA,NA,NA,NA,NA,NA,NA,NA,NA,NA,NA,NA,NA,NA,NA,NA,NA,NA,NA,NA,NA,NA,NA,NA,NA,NA,NA,4,NA,NA,NA,NA,NA,NA,NA,NA,NA,NA,NA,NA,NA,NA
